0.0,442,204,0
0.07280588150024414,440,205,-1
0.1436173915863037,439,203,0
0.21343350410461426,440,205,0
0.2852365970611572,442,205,1
0.35800909996032715,446,211,1
0.43480348587036133,452,211,1
0.510601282119751,458,211,1
0.585399866104126,464,212,1
0.6572096347808838,469,211,1
0.7340035438537598,475,212,1
0.8088526725769043,479,211,1
0.8816409111022949,483,212,1
0.9813776016235352,487,212,1
1.0870583057403564,492,212,1
1.1938064098358154,496,212,1
1.2964973449707031,501,212,1
1.4032444953918457,506,212,1
14.463315963745117,515,213,1
14.66973328590393,518,213,1
14.743577480316162,521,213,1
14.815389156341553,524,214,1
14.884190797805786,526,213,1
14.954994440078735,529,213,1
15.02677583694458,531,213,1
15.096621990203857,532,213,0
15.166435241699219,531,212,0
15.23724627494812,530,211,0
15.309020757675171,526,211,-1
15.379831314086914,521,205,-1
15.44969367980957,512,205,-1
15.52248239517212,500,204,-1
15.595258235931396,487,204,-1
15.677038669586182,475,204,-1
15.757822275161743,464,204,-1
15.848577737808228,454,204,-1
15.938337802886963,447,204,-1
16.01912021636963,441,203,-1
16.08993148803711,437,203,-1
16.162737369537354,434,204,-1
16.233582019805908,430,203,-1
16.303396224975586,428,203,-1
16.37517023086548,426,203,-1
16.451964378356934,425,203,0
16.525766372680664,424,205,0
16.596609830856323,422,206,-1
16.6744167804718,421,203,0
16.746177673339844,420,205,0
16.815991163253784,418,205,-1
16.886833667755127,415,203,-1
16.96261477470398,413,203,-1
17.034437894821167,412,203,0
17.105217218399048,413,205,0
17.17705774307251,415,205,1
17.249866485595703,416,211,0
17.319690227508545,418,208,1
17.39045810699463,420,211,1
17.462296962738037,420,211,0
17.533072471618652,419,208,0
17.603946208953857,421,206,1
17.674729347229004,426,211,1
17.743541479110718,434,212,1
17.814322233200073,444,211,1
17.885164737701416,453,212,1
17.953980922698975,463,212,1
18.023759841918945,471,212,1
18.099558115005493,479,212,1
18.173391580581665,485,213,1
18.245213747024536,491,213,1
18.316025733947754,497,213,1
18.384833812713623,502,213,1
18.455636978149414,508,213,1
18.527445316314697,513,213,1
18.59627079963684,517,214,1
18.66607642173767,520,213,1
18.736899852752686,523,214,1
18.80769991874695,525,214,1
18.8785080909729,527,215,1
18.953309059143066,528,214,0
19.025082111358643,529,212,0
19.09988260269165,529,212,0
19.175679206848145,528,212,0
19.245492219924927,525,212,-1
19.31833815574646,519,206,-1
19.388110637664795,513,204,-1
19.45797085762024,504,204,-1
19.528769731521606,494,205,-1
19.599576234817505,483,204,-1
19.66939377784729,472,204,-1
19.74515962600708,462,204,-1
19.81596565246582,453,204,-1
19.88680934906006,446,204,-1
19.95961594581604,441,203,-1
20.03737473487854,439,203,-1
20.11420750617981,438,204,0
20.18497920036316,437,206,0
20.253795385360718,437,207,0
20.324652194976807,437,207,0
20.395416736602783,436,207,0
20.46822190284729,436,207,0
20.540061950683594,434,207,-1
20.610873699188232,434,204,0
20.6796555519104,435,206,0
20.74950361251831,435,207,0
20.821304082870483,435,206,0
20.89108896255493,436,207,0
20.959939002990723,436,206,0
21.02876853942871,437,207,0
21.098536252975464,436,207,0
21.1673526763916,436,207,0
21.23619031906128,438,207,1
21.307976961135864,443,212,1
21.377790689468384,450,212,1
21.447604656219482,457,212,1
21.521403074264526,466,213,1
21.597203254699707,474,212,1
21.66605043411255,482,213,1
21.734869956970215,488,213,1
21.811630725860596,495,213,1
21.889421939849854,500,214,1
21.96026635169983,504,213,1
22.031079292297363,509,213,1
22.102848529815674,513,213,1
22.17470359802246,518,214,1
22.24350643157959,521,214,1
22.312289714813232,524,214,1
22.383100509643555,527,215,1
22.45690369606018,527,214,0
22.532700538635254,527,213,0
22.609533548355103,526,212,0
22.678342819213867,522,212,-1
22.749120950698853,516,205,-1
22.818965196609497,510,204,-1
22.891740083694458,502,204,-1
22.961594104766846,495,204,-1
23.031365871429443,486,204,-1
23.1012122631073,479,205,-1
23.172988414764404,471,204,-1
23.249813079833984,463,204,-1
23.3185977935791,458,204,-1
23.394395351409912,451,204,-1
23.46723461151123,448,204,-1
23.53604817390442,444,203,-1
23.60582733154297,442,203,-1
23.67663812637329,442,204,0
23.74545407295227,440,205,-1
23.817265033721924,440,203,0
23.886112928390503,439,205,0
23.956925630569458,437,206,-1
24.025740146636963,437,203,0
24.095518827438354,436,205,0
24.162373304367065,436,206,0
24.232152700424194,437,207,0
24.303003072738647,437,207,0
24.37281036376953,437,206,0
24.442623138427734,437,206,0
24.515445470809937,437,206,0
24.585208654403687,439,207,1
24.65402579307556,441,212,1
24.72583508491516,446,212,1
24.79864001274109,451,212,1
24.87147808074951,457,213,1
24.94125723838806,464,212,1
25.010106563568115,471,213,1
25.082879781723022,478,213,1
25.154686212539673,483,213,1
25.224531888961792,488,213,1
25.294312238693237,492,213,1
25.36711835861206,497,213,1
25.43596601486206,501,214,1
25.506778478622437,504,213,1
25.576605558395386,509,214,1
25.64840006828308,512,214,1
25.724163055419922,515,214,1
25.797967433929443,515,214,0
25.874791860580444,516,213,0
25.94557023048401,515,211,0
26.015419244766235,515,211,0
26.082236766815186,514,211,0
26.154045820236206,514,211,0
26.228813409805298,514,212,0
26.30164361000061,511,211,-1
26.371465921401978,505,205,-1
26.44128179550171,499,205,-1
26.51006031036377,491,204,-1
26.577911615371704,483,204,-1
26.649720430374146,474,204,-1
26.722527980804443,468,204,-1
26.789347410202026,461,204,-1
26.857165575027466,455,204,-1
26.924984455108643,449,203,-1
26.99080777168274,445,204,-1
27.064610242843628,442,204,-1
27.133426189422607,440,203,-1
27.20224165916443,439,204,0
27.273054838180542,438,206,0
27.341869115829468,438,206,0
27.409654140472412,439,207,0
27.481511116027832,439,206,0
27.551275491714478,441,207,1
27.62115740776062,441,212,0
27.68990445137024,443,208,1
27.758755445480347,444,212,0
27.827568769454956,444,209,0
27.89635944366455,446,208,1
27.966203212738037,449,211,1
28.03800892829895,455,212,1
28.104827404022217,461,212,1
28.1746084690094,467,213,1
28.24442172050476,475,213,1
28.315232276916504,482,213,1
28.384048223495483,488,213,1
28.452896118164062,493,213,1
28.523712396621704,499,214,1
28.59452509880066,503,214,1
28.661341428756714,507,213,1
28.7291259765625,512,214,1
28.797974109649658,516,214,1
28.866792917251587,520,214,1
28.934609413146973,522,214,1
29.005385637283325,526,215,1
29.07723879814148,529,214,1
29.149999618530273,531,215,1
29.22088050842285,532,215,0
29.29361605644226,532,214,0
29.36944580078125,529,213,-1
29.438227891921997,524,206,-1
29.506080389022827,519,205,-1
29.57984972000122,511,205,-1
29.650694370269775,505,205,-1
29.726458311080933,498,205,-1
29.800261974334717,490,204,-1
29.878053188323975,481,204,-1
29.950857639312744,473,204,-1
30.01970672607422,466,204,-1
30.089520931243896,459,203,-1
30.16029930114746,454,204,-1
30.231138467788696,450,204,-1
30.307928800582886,447,203,-1
30.37675452232361,446,204,0
30.445538759231567,444,206,-1
30.514384508132935,441,204,-1
30.585196495056152,439,203,-1
30.656009197235107,438,203,0
30.724819898605347,438,206,0
30.796597719192505,438,206,0
30.872392654418945,439,206,0
30.948190212249756,439,206,0
31.02003026008606,439,206,0
31.087849140167236,440,207,0
31.160621166229248,439,207,0
31.230470418930054,439,206,0
31.30327558517456,439,206,0
31.372103929519653,440,206,0
31.4478542804718,443,207,1
31.518696308135986,446,212,1
31.58947443962097,452,212,1
31.658323526382446,459,212,1
31.734119653701782,466,212,1
31.80692481994629,474,212,1
31.876740217208862,481,212,1
31.947548866271973,489,213,1
32.017364263534546,494,213,1
32.09213042259216,499,213,1
32.163939237594604,504,213,1
32.23278856277466,508,213,1
32.301602363586426,511,214,1
32.37141704559326,514,214,1
32.442227840423584,517,214,1
32.5130455493927,520,214,1
32.58285140991211,523,214,1
32.65266227722168,526,214,1
32.72247815132141,528,214,1
32.79525017738342,531,215,1
32.8700487613678,532,215,0
32.937906980514526,532,213,0
33.00468969345093,532,212,0
33.078492879867554,530,213,-1
33.151328563690186,527,205,-1
33.22314143180847,521,205,-1
33.29192090034485,513,204,-1
33.37370276451111,505,204,-1
33.44750380516052,497,205,-1
33.516364336013794,488,204,-1
33.58616542816162,479,204,-1
33.65598130226135,470,204,-1
33.729785203933716,461,204,-1
33.80059361457825,452,203,-1
33.86940884590149,445,204,-1
33.94417643547058,439,204,-1
34.01997470855713,436,204,-1
34.09380769729614,434,203,-1
34.16359281539917,434,203,0
34.23938608169556,434,205,0
34.30723786354065,435,207,0
34.37705373764038,435,206,0
34.44886040687561,436,207,0
34.51966881752014,436,207,0
34.58945035934448,436,206,0
34.66026020050049,436,207,0
34.730108976364136,436,206,0
34.80091667175293,437,207,0
34.87073278427124,437,207,0
34.94054555892944,438,207,0
35.010355949401855,440,207,1
35.08116006851196,443,213,1
35.151949644088745,448,213,1
35.221792697906494,453,212,1
35.30061221122742,461,213,1
35.372355461120605,469,212,1
35.44117045402527,481,213,1
35.50902438163757,491,213,1
35.58283352851868,500,213,1
35.65263843536377,509,213,1
35.72245407104492,515,213,1
35.790287017822266,520,213,1
35.861082315444946,524,214,1
35.92990469932556,528,214,1
35.99672055244446,532,215,1
36.06754660606384,535,214,1
36.13834071159363,538,215,1
36.210153341293335,541,214,1
36.27992916107178,543,215,1
36.352783203125,544,215,0
36.42257857322693,544,213,0
36.490398645401,545,213,0
36.561209201812744,544,213,0
36.63098931312561,542,213,-1
36.701831340789795,540,206,-1
36.774606704711914,537,205,-1
36.85043668746948,532,204,-1
36.92224645614624,526,204,-1
36.994017362594604,519,204,-1
37.065860986709595,511,204,-1
37.13868522644043,504,205,-1
37.20944285392761,495,204,-1
37.286237478256226,485,204,-1
37.35609698295593,476,204,-1
37.42589545249939,468,203,-1
37.497722864151,462,204,-1
37.5674831867218,459,203,-1
37.638293504714966,457,203,-1
37.708107233047485,457,203,0
37.77995300292969,455,205,-1
37.85172486305237,455,203,0
37.92852067947388,455,205,0
38.003352642059326,456,206,0
38.07416582107544,457,207,0
38.144939661026,457,206,0
38.21375489234924,457,206,0
38.28459858894348,456,207,0
38.35637307167053,454,207,-1
38.42618680000305,451,203,-1
38.496034383773804,449,203,-1
38.568806886672974,445,203,-1
38.646631479263306,442,203,-1
38.71745562553406,440,204,-1
38.787269115448,439,203,0
38.859063148498535,438,205,0
38.92784595489502,437,206,0
38.99569630622864,438,206,0
39.06248426437378,440,205,1
39.13229775428772,446,211,1
39.20414161682129,451,210,1
39.273961782455444,458,210,1
39.346779346466064,466,211,1
39.41757297515869,474,210,1
39.49137258529663,482,210,1
39.56115245819092,490,210,1
39.63598346710205,499,211,1
39.70779299736023,509,211,1
39.77760577201843,521,211,1
39.84941339492798,535,211,1
39.91922998428345,549,211,1
39.98800849914551,564,212,1
40.055826902389526,577,211,1
40.12564039230347,590,211,1
40.19645142555237,599,212,1
40.26526689529419,603,212,1
40.33607840538025,605,213,1
40.40688991546631,604,212,0
40.47574257850647,601,211,-1
40.54452133178711,595,205,-1
40.61338782310486,585,204,-1
40.683149576187134,577,204,-1
40.75096845626831,572,204,-1
40.819817304611206,573,204,0
40.88763761520386,576,206,1
40.95744967460632,580,211,1
41.02626943588257,579,211,0
41.0930871963501,570,208,-1
41.16290068626404,554,204,-1
41.24069142341614,533,203,-1
41.30952548980713,511,204,-1
41.37733197212219,491,203,-1
41.448137044906616,475,203,-1
41.516955614089966,462,203,-1
41.58577251434326,452,203,-1
41.652589321136475,444,203,-1
41.72237253189087,437,203,-1
41.79617524147034,431,203,-1
41.88199067115784,427,203,-1
41.98470616340637,425,203,-1
42.09038591384888,424,203,0
42.193164348602295,424,205,0
42.29987549781799,425,205,0
42.40657329559326,426,206,0
42.50830340385437,427,205,0
42.61502408981323,427,205,0
42.7218337059021,429,206,1
42.824458360672,430,209,0
42.93018102645874,430,207,0
43.03685450553894,432,206,1
43.13961315155029,434,208,1
43.246342420578,434,209,0
43.35304665565491,434,207,0
43.45477533340454,434,206,0
43.56148672103882,433,206,0
43.668198347091675,434,207,0
43.76989388465881,434,206,0
43.87665104866028,434,206,0
43.98335313796997,435,206,0
44.08608531951904,437,206,1
44.19178533554077,438,209,0
44.299540758132935,440,207,1
44.40126156806946,444,209,1
44.507957458496094,448,209,1
44.6136839389801,454,209,1
44.7163622379303,460,209,1
44.823113679885864,468,209,1
44.92983102798462,475,209,1
45.031561851501465,483,209,1
45.13823485374451,490,209,1
45.24517893791199,498,210,1
45.347923040390015,505,210,1
45.45364713668823,511,210,1
45.56033277511597,518,210,1
45.66305875778198,524,210,1
45.76878523826599,528,210,1
45.8755042552948,532,210,1
45.978185176849365,536,210,1
46.08394503593445,540,210,1
46.19065880775452,545,210,1
46.29338192939758,552,210,1
46.40009069442749,559,211,1
46.506815671920776,566,210,1
46.608535051345825,572,211,1
46.71524405479431,578,211,1
46.82195973396301,583,211,1
46.9236524105072,588,211,1
47.030409812927246,592,211,1
47.13721585273743,593,211,0
47.239808082580566,594,210,0
47.34557366371155,593,210,0
47.45228958129883,591,210,-1
47.55899786949158,588,205,-1
47.66171360015869,583,204,-1
47.76744890213013,576,204,-1
47.87414884567261,567,203,-1
47.97789430618286,558,204,-1
48.08259916305542,549,204,-1
48.189314126968384,541,203,-1
48.29203200340271,533,203,-1
48.398706912994385,526,203,-1
48.50545620918274,518,203,-1
48.60815215110779,509,203,-1
48.7139253616333,500,203,-1
48.8205783367157,489,203,-1
48.92234945297241,477,203,-1
49.03007102012634,462,203,-1
49.135878562927246,447,203,-1
49.238495111465454,431,203,-1
49.34423589706421,418,203,-1
49.450934648513794,412,203,-1
49.55374360084534,408,203,-1
49.66047930717468,406,203,-1
49.766196966171265,406,203,0
49.868959188461304,408,204,1
49.97566866874695,411,207,1
50.082380533218384,416,207,1
50.184114933013916,422,207,1
50.29092526435852,428,207,1
50.39754366874695,435,208,1
50.499263286590576,443,208,1
50.605987548828125,452,208,1
50.71269679069519,461,207,1
50.81538796424866,471,208,1
50.92114233970642,481,208,1
51.027979373931885,491,207,1
51.130587339401245,501,208,1
51.23729419708252,510,208,1
51.343977212905884,518,208,1
51.44574975967407,525,208,1
51.552417278289795,531,208,1
51.65913152694702,537,208,1
51.761862993240356,543,208,1
51.86761927604675,552,208,1
51.974321603775024,559,208,1
52.077014446258545,566,209,1
52.18291473388672,571,209,1
52.28949499130249,576,209,1
52.39220070838928,578,209,1
52.49891996383667,580,209,1
52.604641914367676,580,209,0
52.7073278427124,579,209,0
52.81408452987671,576,208,-1
52.919803619384766,571,204,-1
53.022540807724,565,204,-1
53.13020896911621,556,203,-1
53.23594641685486,549,203,-1
53.34162902832031,540,203,-1
53.444393157958984,532,203,-1
53.55111765861511,525,203,-1
53.65782332420349,518,203,-1
53.75956082344055,511,203,-1
53.866276025772095,504,203,-1
53.9729745388031,497,203,-1
54.07566547393799,490,203,-1
54.181421756744385,483,203,-1
54.28813719749451,475,203,-1
54.39085578918457,468,203,-1
54.497573137283325,460,203,-1
54.603310108184814,454,203,-1
54.706029415130615,448,203,-1
54.81289887428284,441,203,-1
54.91869926452637,435,203,-1
55.02238202095032,431,203,-1
55.12805700302124,429,203,-1
55.23480772972107,427,203,-1
55.33653807640076,426,203,0
55.44321417808533,425,204,0
55.54600238800049,425,205,0
55.65169835090637,425,205,0
55.75840520858765,424,205,0
55.86116123199463,425,205,0
55.96785855293274,425,205,0
56.07356023788452,427,205,1
56.17628598213196,428,208,0
56.28301000595093,430,206,1
56.389716148376465,432,207,1
56.49145197868347,436,208,1
56.598169565200806,440,207,1
56.70487833023071,444,208,1
56.80759525299072,448,208,1
56.91342067718506,453,207,1
57.021040201187134,459,207,1
57.12275767326355,467,208,1
57.22948241233826,474,207,1
57.3352165222168,482,208,1
57.4389386177063,489,208,1
57.54459238052368,495,208,1
57.6513466835022,501,207,1
57.75308275222778,506,208,1
57.859792947769165,511,208,1
57.96649932861328,517,209,1
58.06919455528259,522,208,1
58.17495393753052,528,209,1
58.281673192977905,532,208,1
58.38438582420349,536,209,1
58.49109768867493,539,209,1
58.59681940078735,542,208,1
58.69955110549927,546,209,1
58.806275844573975,550,208,1
58.91193628311157,554,209,1
59.015703201293945,557,209,1
59.12141513824463,559,209,1
59.2281219959259,558,209,0
59.33382511138916,556,209,-1
59.43668079376221,551,204,-1
59.543246269226074,545,203,-1
59.65002393722534,538,203,-1
59.7517364025116,529,203,-1
59.85843563079834,521,203,-1
59.96520256996155,514,204,-1
60.06788182258606,506,203,-1
60.173744201660156,499,203,-1
60.28027701377869,493,203,-1
60.38304591178894,487,203,-1
60.48975443840027,480,203,-1
60.59547972679138,471,203,-1
60.698206663131714,463,203,-1
60.80491375923157,454,203,-1
60.91161894798279,447,203,-1
61.013355016708374,442,203,-1
61.12107276916504,437,203,-1
61.22677993774414,434,203,-1
61.32950186729431,432,202,-1
61.435222148895264,431,203,0
61.541954040527344,429,204,-1
61.644131898880005,430,203,0
61.75085091590881,430,205,0
61.85352945327759,430,204,0
61.96125268936157,431,205,0
62.06595993041992,432,205,0
62.16868877410889,433,205,0
62.275434732437134,435,205,1
62.38215398788452,437,208,1
62.48388910293579,439,208,1
62.59062385559082,442,207,1
62.69731116294861,446,208,1
62.799041748046875,450,207,1
62.905755043029785,455,207,1
63.01348662376404,462,207,1
63.11520957946777,470,208,1
63.22190570831299,478,208,1
63.32763195037842,485,208,1
63.43034482002258,491,208,1
63.537060022354126,496,208,1
63.64274311065674,500,208,1
63.74651122093201,504,208,1
63.85222101211548,508,208,1
63.95890474319458,513,208,1
64.06166219711304,517,208,1
64.16737937927246,521,208,1
64.27409672737122,525,208,1
64.37683033943176,529,208,1
64.48254346847534,532,208,1
64.58925366401672,534,209,1
64.69195985794067,536,209,1
64.79868412017822,537,209,0
64.90440797805786,537,208,0
65.00709652900696,537,208,0
65.11384177207947,536,207,0
65.21952533721924,536,208,0
65.32228875160217,536,207,0
65.4290189743042,536,208,0
65.53574562072754,535,207,0
65.63740730285645,535,207,0
65.74416136741638,534,207,0
65.85091423988342,533,207,0
65.95758438110352,531,208,-1
66.06033372879028,527,204,-1
66.16602516174316,522,203,-1
66.27275037765503,517,203,-1
66.37543678283691,511,203,-1
66.48219299316406,504,203,-1
66.58791470527649,498,203,-1
66.69062995910645,491,203,-1
66.79733777046204,486,203,-1
66.90306329727173,481,203,-1
67.00574946403503,475,203,-1
67.11256146430969,471,203,-1
67.21822667121887,467,203,-1
67.32094383239746,462,203,-1
67.4276614189148,458,203,-1
67.53433346748352,455,203,-1
67.63709568977356,451,203,-1
67.74381446838379,448,203,-1
67.84952521324158,447,203,0
67.95227026939392,446,204,0
68.05892992019653,445,205,0
68.16469264030457,445,205,0
68.26741456985474,445,205,0
68.37412118911743,444,204,0
68.48084712028503,444,205,0
68.58256101608276,444,205,0
68.69030523300171,443,205,0
68.79600262641907,444,205,0
68.8987226486206,444,205,0
69.00444197654724,444,205,0
69.11217427253723,445,205,0
69.213876247406,445,205,0
69.31959176063538,445,205,0
69.42727422714233,446,205,0
69.52903842926025,446,205,0
69.63575768470764,447,204,0
69.74147129058838,448,205,0
69.84433317184448,450,205,1
69.95091795921326,454,209,1
70.05662727355957,457,208,1
70.1593132019043,463,208,1
70.2660665512085,468,208,1
70.37278652191162,474,207,1
70.47550511360168,480,208,1
70.58222723007202,485,208,1
70.68794369697571,490,208,1
70.79062342643738,495,208,1
70.89737319946289,500,208,1
71.00305843353271,504,208,1
71.1058144569397,508,208,1
71.21249461174011,512,208,1
71.31924438476562,515,208,1
71.42093777656555,518,209,1
71.52772855758667,521,209,1
71.63438487052917,523,208,1
71.73614168167114,525,209,1
71.8428099155426,526,209,0
71.94952321052551,526,207,0
72.0523009300232,526,207,0
72.15896940231323,526,207,0
72.26472210884094,526,207,0
72.37139964103699,524,207,-1
72.47417569160461,522,204,-1
72.58088040351868,519,203,-1
72.68659543991089,515,204,-1
72.7893271446228,509,203,-1
72.89602494239807,504,203,-1
73.001708984375,498,203,-1
73.1044774055481,494,203,-1
73.21215653419495,489,203,-1
73.31786346435547,485,203,-1
73.41963410377502,481,203,-1
73.52634930610657,476,203,-1
73.63307476043701,470,203,-1
73.73474931716919,466,203,-1
73.84151196479797,461,203,-1
73.94822430610657,458,203,-1
74.05095839500427,455,203,-1
74.15764880180359,453,203,-1
74.26333498954773,450,203,-1
74.36611247062683,448,203,-1
74.47282385826111,445,202,-1
74.57952880859375,443,203,-1
74.6812674999237,442,203,0
74.78798151016235,442,204,0
74.89069509506226,442,204,0
74.99642848968506,442,204,0
75.10414695739746,443,205,0
75.20582222938538,444,204,0
75.31256246566772,445,204,0
75.418288230896,446,205,0
75.5210108757019,449,204,1
75.62774801254272,454,208,1
75.73444509506226,459,207,1
75.83615970611572,464,207,1
75.94288182258606,470,207,1
76.04958963394165,477,207,1
76.15131664276123,483,208,1
76.2580018043518,487,207,1
76.36474847793579,490,207,1
76.46848368644714,494,208,1
76.57320356369019,496,207,1
76.67991137504578,500,208,1
76.78264355659485,503,208,1
76.88934326171875,507,208,1
76.99607300758362,510,208,1
77.09879159927368,513,208,1
77.20452189445496,516,208,1
77.31123423576355,518,208,1
77.41394996643066,521,208,1
77.51966714859009,523,208,1
77.62639164924622,525,208,1
77.72912931442261,527,209,1
77.83482241630554,528,209,0
77.94153046607971,529,207,0
78.04426765441895,530,207,0
78.15097260475159,531,207,0
78.25669050216675,531,207,0
78.35942959785461,531,207,0
78.46616458892822,530,207,0
78.57284808158875,530,207,0
78.67857599258423,527,207,-1
78.78125309944153,524,203,-1
78.88800001144409,519,203,-1
78.99473547935486,515,203,-1
79.09745049476624,509,203,-1
79.20317602157593,503,203,-1
79.30987858772278,498,203,-1
79.41259932518005,491,203,-1
79.51831912994385,485,203,-1
79.62502884864807,479,203,-1
79.72775912284851,472,203,-1
79.83348989486694,467,203,-1
79.94115710258484,461,203,-1
80.04392790794373,457,202,-1
80.14962339401245,454,202,-1
80.25534844398499,451,203,-1
80.35806894302368,447,202,-1
80.46481442451477,443,203,-1
80.57148957252502,441,203,-1
80.67418956756592,439,203,-1
80.77994632720947,438,203,0
80.88262820243835,438,204,0
80.98939943313599,438,204,0
81.09611105918884,439,205,0
81.20181584358215,439,204,0
81.3046555519104,440,205,0
81.4112491607666,440,205,0
81.51697540283203,440,204,0
81.61970257759094,441,204,0
81.72644829750061,441,205,0
81.83312249183655,442,205,0
81.93585276603699,442,205,0
82.04156446456909,444,205,1
82.14829063415527,445,209,0
82.25100612640381,446,205,0
82.35668778419495,447,204,0
82.4634439945221,450,204,1
82.56616377830505,455,207,1
82.67287540435791,461,208,1
82.77860522270203,468,208,1
82.8813271522522,476,208,1
82.98803758621216,482,208,1
83.0947208404541,488,207,1
83.19648742675781,493,208,1
83.30321907997131,497,208,1
83.4099178314209,502,209,1
83.51159763336182,506,208,1
83.61835265159607,510,208,1
83.72507691383362,514,209,1
83.8277850151062,517,208,1
83.93350863456726,520,208,1
84.04118728637695,523,208,1
84.14396691322327,525,208,1
84.24965834617615,527,208,1
84.35537266731262,528,208,0
84.45811605453491,529,207,0
84.5648262500763,531,207,1
84.67153120040894,531,209,0
84.77324795722961,531,207,0
84.87997627258301,530,207,0
84.98670768737793,530,207,0
85.08842277526855,530,207,0
85.19609427452087,529,207,0
85.30181050300598,530,207,0
85.40457057952881,529,207,0
85.510262966156,528,206,0
85.618008852005,527,206,0
85.719735622406,526,207,0
85.82644462585449,524,207,-1
85.93212246894836,519,203,-1
86.035893201828,513,203,-1
86.14160943031311,508,203,-1
86.24831986427307,501,203,-1
86.35403752326965,495,203,-1
86.4577226638794,489,203,-1
86.56347727775574,485,203,-1
86.67018938064575,481,203,-1
86.77290964126587,477,203,-1
86.87863993644714,473,203,-1
86.9853093624115,469,202,-1
87.08806586265564,463,203,-1
87.1937894821167,457,203,-1
87.30064558982849,449,203,-1
87.4032347202301,442,203,-1
87.50995898246765,437,203,-1
87.61566805839539,434,203,-1
87.71838665008545,432,202,-1
87.82509684562683,432,203,0
87.92781043052673,431,204,0
88.03355002403259,429,204,-1
88.14021801948547,427,202,-1
88.24697828292847,425,203,-1
88.34969878196716,422,202,-1
88.45541644096375,421,202,0
88.55814027786255,422,204,0
88.66485476493835,424,204,1
88.77056312561035,427,208,1
88.87325835227966,431,208,1
88.97997093200684,436,208,1
89.08668494224548,440,208,1
89.18945240974426,443,208,1
89.29516744613647,445,208,1
89.40189576148987,446,208,0
89.50460076332092,446,205,0
89.61132740974426,446,205,0
89.71704483032227,445,205,0
89.81977438926697,445,205,0
89.92647433280945,444,205,0
90.03221011161804,443,205,0
90.13593053817749,443,205,0
90.24163770675659,443,205,0
90.34834432601929,443,205,0
90.45008158683777,443,205,0
90.55776000022888,445,205,1
90.66351389884949,446,208,0
90.76624870300293,447,205,0
90.87291216850281,450,205,1
90.9786729812622,455,208,1
91.0813856124878,461,208,1
91.18811106681824,468,208,1
91.29378199577332,477,208,1
91.39650750160217,484,208,1
91.50327563285828,490,209,1
91.60997295379639,495,208,1
91.71170949935913,501,209,1
91.81841897964478,505,208,1
91.92512631416321,510,209,1
92.02687501907349,513,208,1
92.13357782363892,518,209,1
92.24029779434204,521,209,1
92.34301233291626,523,208,1
92.44873261451721,526,209,1
92.55545425415039,528,209,1
92.65818619728088,530,209,1
92.76488757133484,531,209,0
92.87056469917297,531,208,0
92.97328972816467,530,207,0
93.08004570007324,528,207,-1
93.18675351142883,527,203,0
93.29347348213196,524,206,-1
93.39620232582092,521,204,-1
93.50187683105469,517,203,-1
93.60862255096436,513,203,-1
93.7113733291626,506,203,-1
93.81707215309143,500,203,-1
93.92378377914429,494,203,-1
94.0265281200409,489,203,-1
94.13222908973694,484,202,-1
94.23894190788269,479,203,-1
94.34168314933777,474,203,-1
94.44837951660156,468,203,-1
94.55410408973694,463,203,-1
94.65682315826416,458,203,-1
94.76353454589844,454,203,-1
94.8702609539032,449,203,-1
94.97294974327087,444,202,-1
95.07870554924011,440,203,-1
95.18537592887878,436,202,-1
95.28714323043823,434,202,-1
95.39487051963806,433,203,0
95.50057625770569,431,204,-1
95.60325837135315,430,203,0
95.70901393890381,429,204,0
95.8117368221283,429,205,0
95.91841268539429,429,204,0
96.02516150474548,428,204,0
96.1279034614563,429,204,0
96.23361563682556,429,204,0
96.34033131599426,431,205,1
96.44304919242859,430,208,0
96.54876947402954,432,206,1
96.65544295310974,432,207,0
96.75820255279541,433,205,0
96.86488318443298,436,205,1
96.97065377235413,438,207,1
97.07337212562561,441,208,1
97.1800708770752,444,208,1
97.286785364151,446,207,1
97.3894829750061,448,208,1
97.49523687362671,451,208,1
97.60194373130798,454,208,1
97.7046685218811,458,208,1
97.81038856506348,462,208,1
97.91710472106934,468,209,1
98.01982712745667,472,208,1
98.12654328346252,477,208,1
98.232257604599,481,208,1
98.33499693870544,485,208,1
98.4416618347168,489,209,1
98.54838728904724,494,208,1
98.65015745162964,498,209,1
98.75687265396118,503,209,1
98.86356735229492,507,209,1
98.97029376029968,511,209,1
99.07197737693787,515,209,1
99.17873740196228,518,210,1
99.28544068336487,521,210,1
99.38713335990906,524,210,1
99.49488735198975,526,210,1
99.60060429573059,528,210,1
99.70333051681519,528,210,0
99.81004858016968,527,208,0
99.91576361656189,526,208,0
100.01848435401917,524,208,-1
100.12519693374634,522,204,-1
100.23192024230957,518,204,-1
100.33364987373352,513,203,-1
100.44035768508911,507,203,-1
100.54729151725769,501,203,-1
100.64906787872314,495,203,-1
100.7557361125946,490,203,-1
100.86248540878296,486,203,-1
100.96421456336975,482,202,-1
101.07093405723572,478,202,-1
101.17763686180115,473,203,-1
101.28037977218628,469,203,-1
101.38608503341675,466,203,-1
101.4928092956543,462,202,-1
101.59551811218262,460,203,-1
101.70120215415955,458,203,-1
101.80796360969543,456,202,-1
101.91067814826965,454,203,-1
102.01735758781433,453,203,0
102.12412142753601,450,204,-1
102.2268419265747,449,203,0
102.33260869979858,449,205,0
102.43926095962524,448,205,0
102.54114270210266,448,204,0
102.64769959449768,448,205,0
102.75444602966309,448,205,0
102.8571560382843,447,204,0
102.96282911300659,447,204,0
103.0695915222168,447,204,0
103.1723005771637,449,205,1
103.2790253162384,451,208,1
103.38474321365356,454,208,1
103.48747110366821,457,207,1
103.59417843818665,462,208,1
103.70089602470398,467,208,1
103.80258202552795,474,209,1
103.90933394432068,478,208,1
104.0160140991211,482,208,1
104.11773729324341,487,208,1
104.22449588775635,491,208,1
104.33122944831848,496,208,1
104.43406057357788,500,208,1
104.53965783119202,504,209,1
104.6473798751831,507,208,1
104.74908590316772,510,209,1
104.85580039024353,512,209,1
104.96152853965759,515,209,1
105.06521344184875,517,209,1
105.17108654975891,520,210,1
105.27668809890747,522,209,1
105.37940788269043,524,209,1
105.48611831665039,527,210,1
105.59284901618958,529,209,1
105.69456338882446,531,209,1
105.80127692222595,533,210,1
105.90798234939575,534,210,0
106.01071071624756,534,209,0
106.11742234230042,534,208,0
106.22419166564941,534,208,0
106.32588148117065,533,209,0
106.4325840473175,531,208,-1
106.53929829597473,529,204,-1
106.64527535438538,527,203,-1
106.74795985221863,523,203,-1
106.85472011566162,519,203,-1
106.96043801307678,514,203,-1
107.063161611557,508,203,-1
107.16989254951477,502,203,-1
107.2755913734436,497,203,-1
107.37831354141235,492,203,-1
107.48502731323242,488,203,-1
107.5917501449585,484,202,-1
107.69347310066223,481,203,-1
107.80018544197083,477,203,-1
107.90686392784119,474,203,-1
108.00961923599243,471,203,-1
108.11531209945679,468,203,-1
108.22201681137085,466,202,-1
108.32478356361389,465,203,0
108.43050599098206,463,204,-1
108.53721356391907,461,202,-1
108.64090347290039,459,203,-1
108.74661755561829,457,203,-1
108.85336303710938,454,202,-1
108.95606112480164,453,203,0
109.06177687644958,452,204,0
109.16454362869263,452,204,0
109.27024412155151,452,204,0
109.37697100639343,452,205,0
109.47970199584961,453,205,0
109.58642482757568,452,204,0
109.69212532043457,452,204,0
109.79484844207764,451,205,0
109.9015736579895,453,205,1
110.00827145576477,454,208,0
110.11097288131714,457,206,1
110.21673393249512,461,208,1
110.32345724105835,466,208,1
110.42615604400635,470,207,1
110.53287601470947,475,208,1
110.63860177993774,478,208,1
110.74128198623657,482,208,1
110.84799408912659,486,208,1
110.9537124633789,490,208,1
111.05647826194763,493,208,1
111.16419887542725,496,208,1
111.26886701583862,500,208,1
111.37163805961609,504,208,1
111.47834706306458,507,209,1
111.5850579738617,510,209,1
111.68774938583374,513,209,1
111.79346442222595,516,209,1
111.90022397041321,519,210,1
112.002938747406,522,209,1
112.10866284370422,524,210,1
112.21537852287292,526,210,1
112.31807971000671,528,210,1
112.42481470108032,530,210,1
112.53053450584412,532,209,1
112.63326787948608,533,210,0
112.74093413352966,535,209,1
112.84668564796448,537,210,1
112.94842195510864,537,210,0
113.05512833595276,537,208,0
113.16185283660889,538,209,0
113.26456332206726,539,209,0
113.37024569511414,539,208,0
113.47700071334839,539,208,0
113.57972836494446,539,208,0
113.6864402294159,539,208,0
113.79315495491028,538,209,0
113.89888024330139,536,208,-1
114.00159978866577,534,204,-1
114.10833740234375,531,203,-1
114.21403193473816,528,203,-1
114.3167610168457,524,203,-1
114.42346119880676,519,203,-1
114.53018403053284,514,203,-1
114.63187217712402,509,203,-1
114.73862814903259,504,203,-1
114.84532070159912,499,203,-1
114.94723200798035,494,202,-1
115.05394768714905,490,203,-1
115.16065573692322,485,203,-1
115.2633843421936,480,203,-1
115.36911106109619,476,203,-1
115.47578144073486,472,202,-1
115.57853960990906,469,202,-1
115.6852536201477,466,202,-1
115.7909767627716,464,202,-1
115.89369702339172,461,202,-1
116.0004153251648,459,202,-1
116.1061372756958,457,203,-1
116.20885515213013,454,202,-1
116.31553149223328,452,203,-1
116.42228102684021,450,203,-1
116.52501177787781,450,202,0
116.63072609901428,449,204,0
116.73740363121033,448,204,0
116.84016394615173,449,205,0
116.94684720039368,449,204,0
117.0526032447815,449,204,0
117.15634679794312,449,205,0
117.26203536987305,450,205,0
117.36771774291992,450,204,0
117.47048449516296,452,204,1
117.57720756530762,455,208,1
117.68390345573425,459,208,1
117.78564953804016,463,207,1
117.89236903190613,468,208,1
117.9990668296814,473,208,1
118.1017894744873,478,208,1
118.20751953125,483,208,1
118.31422686576843,488,208,1
118.41691493988037,492,208,1
118.52365922927856,496,208,1
118.62939143180847,501,209,1
118.7321138381958,505,208,1
118.83885073661804,509,208,1
118.94454336166382,513,208,1
119.04746913909912,516,209,1
119.1542649269104,520,209,1
119.260018825531,522,209,1
119.36274313926697,525,209,1
119.46945023536682,528,210,1
119.57613325119019,530,209,1
119.67889881134033,532,210,1
119.78461766242981,533,209,0
119.89132165908813,535,208,1
119.99405074119568,536,209,0
120.09977555274963,537,208,0
120.20644855499268,539,208,1
120.30921530723572,541,210,1
120.41592907905579,541,209,0
120.5216052532196,542,208,0
120.62437176704407,542,208,0
120.7310836315155,541,208,0
120.83779501914978,541,209,0
120.93953394889832,540,208,0
121.0462007522583,538,208,-1
121.15291428565979,536,204,-1
121.25966668128967,533,204,-1
121.36135768890381,529,203,-1
121.46811270713806,524,203,-1
121.57482194900513,520,203,-1
121.67651510238647,515,203,-1
121.78323149681091,509,203,-1
121.88998508453369,503,202,-1
121.9927031993866,498,203,-1
122.09955096244812,493,203,-1
122.2051432132721,488,203,-1
122.30787181854248,485,203,-1
122.4145724773407,481,202,-1
122.52025842666626,477,203,-1
122.62303566932678,471,202,-1
122.72981524467468,464,203,-1
122.83641290664673,459,202,-1
122.9391782283783,454,202,-1
123.0458972454071,450,203,-1
123.15160608291626,447,202,-1
123.2542953491211,442,202,-1
123.36005401611328,438,202,-1
123.46676898002625,433,202,-1
123.56948375701904,429,202,-1
123.67619967460632,425,202,-1
123.78192400932312,423,203,-1
123.88465714454651,421,203,-1
123.9913558959961,419,202,-1
124.09408044815063,418,203,0
124.19980573654175,418,204,0
124.30655527114868,418,204,0
124.40924024581909,419,204,0
124.5159661769867,419,204,0
124.62168383598328,419,204,0
124.72436308860779,421,204,1
124.83111691474915,422,208,0
124.93682885169983,425,205,1
125.0395519733429,428,207,1
125.14623522758484,432,208,1
125.2529501914978,436,208,1
125.35471773147583,440,208,1
125.46143794059753,443,208,1
125.56812977790833,446,208,1
125.67083525657654,449,207,1
125.77659058570862,453,208,1
125.88330626487732,458,209,1
125.98704361915588,462,208,1
126.09273934364319,467,208,1
126.19846630096436,472,208,1
126.301185131073,476,208,1
126.4078917503357,480,209,1
126.51461911201477,483,209,1
126.6163420677185,487,209,1
126.72305655479431,490,208,1
126.82973146438599,494,209,1
126.93150663375854,498,209,1
127.03821086883545,502,209,1
127.14492702484131,506,209,1
127.24764728546143,509,209,1
127.35436797142029,513,209,1
127.46008443832397,517,209,1
127.56280398368835,521,210,1
127.66951751708984,524,209,1
127.77624702453613,527,210,1
127.87796711921692,529,210,1
127.98468613624573,531,210,1
128.09139347076416,533,210,1
128.1941215991974,534,210,0
128.30080103874207,535,208,0
128.4065444469452,535,209,0
128.50929164886475,534,208,0
128.6159565448761,533,208,0
128.72171115875244,530,208,-1
128.82843255996704,526,204,-1
128.93114471435547,521,203,-1
129.0378291606903,516,203,-1
129.14358472824097,510,203,-1
129.24630165100098,504,203,-1
129.35301637649536,499,203,-1
129.4597523212433,494,203,-1
129.5614676475525,490,202,-1
129.6681785583496,486,202,-1
129.77489566802979,483,203,-1
129.87658166885376,478,203,-1
129.98334527015686,474,202,-1
130.09004306793213,471,203,-1
130.19278144836426,468,203,-1
130.2984893321991,466,202,-1
130.40472173690796,464,202,-1
130.50757908821106,463,202,0
130.61419939994812,463,205,0
130.72087216377258,461,205,-1
130.82261204719543,460,203,0
130.9303162097931,458,205,-1
131.03602838516235,456,203,-1
131.138756275177,454,202,-1
131.24447584152222,453,202,0
131.35215663909912,452,204,0
131.45391058921814,453,205,0
131.5605912208557,452,205,0
131.66635036468506,453,205,0
131.76907396316528,453,204,0
131.87578988075256,453,204,0
131.98250484466553,453,204,0
132.0842683315277,452,204,0
132.1919538974762,453,205,0
132.2976233959198,453,205,0
132.3993890285492,453,205,0
132.5071759223938,455,205,1
132.61278653144836,459,209,1
132.71553468704224,462,208,1
132.82138180732727,466,208,1
132.92797350883484,469,208,1
133.0306956768036,473,209,1
133.13740706443787,477,208,1
133.24412775039673,481,208,1
133.34586238861084,484,208,1
133.45269298553467,488,208,1
133.55927658081055,492,209,1
133.6610050201416,495,209,1
133.7686951160431,499,209,1
133.8744399547577,502,209,1
133.97616243362427,507,209,1
134.09085512161255,510,209,1
134.18959760665894,514,210,1
134.29232120513916,518,210,1
134.3990330696106,521,209,1
134.50577044487,524,210,1
134.6074721813202,527,210,1
134.71418833732605,529,209,1
134.8209092617035,531,210,1
134.92263889312744,532,210,0
135.0293526649475,533,208,0
135.1360785961151,534,208,0
135.23879289627075,535,208,0
135.3445165157318,535,208,0
135.45122981071472,535,209,0
135.5539104938507,534,208,0
135.65966129302979,533,208,0
135.76638317108154,532,208,0
135.86911368370056,531,208,0
135.9758265018463,528,208,-1
136.08154153823853,524,204,-1
136.1882495880127,520,203,-1
136.29093885421753,514,203,-1
136.39765453338623,508,203,-1
136.50337028503418,503,203,-1
136.60609579086304,498,203,-1
136.7128415107727,494,203,-1
136.81952452659607,489,203,-1
136.9212944507599,484,203,-1
137.02900958061218,479,203,-1
137.13468503952026,476,203,-1
137.2374382019043,471,202,-1
137.3431625366211,467,202,-1
137.44988799095154,464,202,-1
137.5526008605957,462,202,-1
137.65931510925293,460,202,-1
137.7610058784485,459,203,0
137.86776280403137,456,204,-1
137.97448778152466,455,203,0
138.07719373703003,454,204,0
138.18392634391785,453,205,0
138.28963899612427,453,204,0
138.39234948158264,453,205,0
138.49908185005188,453,205,0
138.60479164123535,453,204,0
138.70752692222595,453,204,0
138.81422090530396,453,205,0
138.9209382534027,453,205,0
139.02267289161682,453,204,0
139.12940382957458,453,204,0
139.23606038093567,453,205,0
139.33883428573608,453,204,0
139.4445357322693,454,205,0
139.55122828483582,454,204,0
139.65397834777832,455,204,0
139.76071500778198,457,205,1
139.86741757392883,460,209,1
139.969144821167,463,208,1
140.07585644721985,468,208,1
140.1815700531006,473,208,1
140.28433752059937,479,209,1
140.39101123809814,484,208,1
140.49772095680237,490,209,1
140.59945344924927,494,208,1
140.70617985725403,499,209,1
140.81288290023804,503,209,1
140.91560316085815,507,209,1
141.02232336997986,511,210,1
141.12803959846497,514,209,1
141.23177409172058,517,209,1
141.33644366264343,520,210,1
141.44319367408752,522,209,1
141.54591917991638,524,210,1
141.65260076522827,525,209,0
141.75831365585327,527,208,1
141.8610861301422,528,210,0
141.96778988838196,530,209,1
142.07450366020203,531,210,0
142.17623782157898,532,209,0
142.28291130065918,532,208,0
142.38966345787048,532,208,0
142.49239087104797,532,208,0
142.5981092453003,531,208,0
142.70482110977173,531,208,0
142.81151962280273,529,208,-1
142.914222240448,526,204,-1
143.0199806690216,522,203,-1
143.12669682502747,517,204,-1
143.22941637039185,512,203,-1
143.33615589141846,506,203,-1
143.44185090065002,501,203,-1
143.54457473754883,495,202,-1
143.65125226974487,490,203,-1
143.7579984664917,485,202,-1
143.85973286628723,480,202,-1
143.96644258499146,477,203,-1
144.07316541671753,472,202,-1
144.17588758468628,468,203,-1
144.28161001205444,464,202,-1
144.3883216381073,460,202,-1
144.49104523658752,455,202,-1
144.59776520729065,450,202,-1
144.70346307754517,445,202,-1
144.80616235733032,440,202,-1
144.91290974617004,435,202,-1
145.018625497818,431,203,-1
145.12136507034302,427,203,-1
145.22806644439697,425,202,-1
145.33475136756897,423,202,-1
145.4365770816803,423,203,0
145.54322457313538,420,204,-1
145.64695286750793,420,202,0
145.75266861915588,420,204,0
145.85938000679016,420,204,0
145.96111512184143,421,204,0
146.0688498020172,423,205,1
146.17453527450562,424,209,0
146.27626967430115,424,205,0
146.38339638710022,425,205,0
146.4891209602356,426,205,0
146.5928454399109,427,205,0
146.69851899147034,429,204,1
146.8052704334259,433,208,1
146.9070062637329,438,208,1
147.01472520828247,442,208,1
147.12043809890747,447,208,1
147.22312545776367,452,209,1
147.3298842906952,457,208,1
147.43559002876282,463,209,1
147.53831005096436,468,208,1
147.64502120018005,474,209,1
147.75073838233948,479,208,1
147.85347723960876,485,209,1
147.96014404296875,489,209,1
148.06690502166748,494,209,1
148.17262935638428,498,209,1
148.27534246444702,503,209,1
148.38204956054688,508,209,1
148.48873496055603,513,210,1
148.59050345420837,518,210,1
148.69721364974976,522,209,1
148.80392169952393,526,209,1
148.9066607952118,529,210,1
149.01237273216248,531,210,1
149.11909341812134,533,210,1
149.22182607650757,535,210,1
149.32752966880798,537,210,1
149.43420267105103,538,211,0
149.53697109222412,538,209,0
149.6436939239502,538,208,0
149.75036025047302,537,208,0
149.8520839214325,535,208,-1
149.95884442329407,534,204,0
150.06554651260376,529,206,-1
150.16829085350037,524,204,-1
150.27400827407837,519,203,-1
150.38070368766785,513,203,-1
150.48339533805847,507,203,-1
150.58915305137634,501,203,-1
150.69586825370789,495,203,-1
150.79858899116516,489,202,-1
150.90530228614807,484,202,-1
151.01202821731567,480,202,-1
151.1137592792511,476,202,-1
151.22046089172363,471,203,-1
151.3261857032776,468,203,-1
151.43289518356323,463,202,-1
151.535635471344,458,202,-1
151.64235162734985,453,202,-1
151.74805307388306,448,202,-1
151.8507432937622,443,202,-1
151.95762181282043,439,202,-1
152.06421875953674,436,203,-1
152.16594314575195,433,202,-1
152.2726502418518,432,203,0
152.37536787986755,433,204,0
152.48208951950073,439,204,1
152.58780241012573,453,209,1
152.69054532051086,467,208,1
152.79724287986755,479,208,1
152.9029562473297,486,208,1
153.0066933631897,490,209,1
153.11242771148682,489,208,0
153.2191300392151,489,206,0
153.3218424320221,488,205,0
153.42752146720886,487,205,0
153.53427481651306,487,205,0
153.63699460029602,486,205,0
153.7437105178833,485,205,0
153.84944009780884,485,205,0
153.9561448097229,483,205,-1
154.0588870048523,480,203,-1
154.16554713249207,476,203,-1
154.27131295204163,470,202,-1
154.37402272224426,464,202,-1
154.48073935508728,458,202,-1
154.58646416664124,451,202,-1
154.6891806125641,442,202,-1
154.79591035842896,434,203,-1
154.9026370048523,426,202,-1
155.0053427219391,421,203,-1
155.11207151412964,419,202,-1
155.21777510643005,417,202,-1
155.32048964500427,415,202,-1
155.4272177219391,414,202,0
155.52893948554993,413,204,0
155.6356544494629,412,204,0
155.74236464500427,413,205,0
155.8440980911255,414,204,0
155.95082211494446,417,204,1
156.05752968788147,422,208,1
156.16027188301086,428,208,1
156.2659707069397,433,208,1
156.37268543243408,438,208,1
156.47540736198425,443,208,1
156.5821189880371,448,208,1
156.68783283233643,454,208,1
156.79055762290955,461,209,1
156.8972418308258,467,208,1
157.00398969650269,474,208,1
157.10573482513428,480,208,1
157.21246027946472,486,208,1
157.31914710998535,492,208,1
157.42187643051147,498,209,1
157.52759504318237,503,209,1
157.6343276500702,509,209,1
157.73702788352966,514,210,1
157.84275221824646,518,209,1
157.9494593143463,522,209,1
158.05217599868774,526,209,1
158.15901494026184,529,209,1
158.26561737060547,532,210,1
158.36735033988953,533,210,0
158.47410678863525,533,208,0
158.58077907562256,533,207,0
158.68246459960938,534,207,0
158.78918170928955,534,207,0
158.89589428901672,534,208,0
158.9986548423767,533,207,0
159.10437536239624,531,207,-1
159.2121114730835,530,203,0
159.31781148910522,527,205,-1
159.4205276966095,523,203,-1
159.52726459503174,518,203,-1
159.6329221725464,512,202,-1
159.73568177223206,506,203,-1
159.84141898155212,501,203,-1
159.94811129570007,494,202,-1
160.05185794830322,489,203,-1
160.15754437446594,486,203,-1
160.26427054405212,481,202,-1
160.36600613594055,476,202,-1
160.47273802757263,471,203,-1
160.57942509651184,465,203,-1
160.68116235733032,461,203,-1
160.78888654708862,456,202,-1
160.89460563659668,453,202,-1
160.9974455833435,450,203,-1
161.10404300689697,446,202,-1
161.2097487449646,441,202,-1
161.3125455379486,435,203,-1
161.41917896270752,431,203,-1
161.52490210533142,427,202,-1
161.62762904167175,425,202,-1
161.73433232307434,424,202,0
161.83706426620483,424,204,0
161.9427764415741,424,204,0
162.04949188232422,424,204,0
162.15221738815308,424,204,0
162.2590630054474,425,204,0
162.3656153678894,428,204,1
162.46734285354614,431,209,1
162.5740931034088,435,208,1
162.68082761764526,438,208,1
162.78652715682983,442,208,1
162.88926482200623,447,208,1
162.99596214294434,452,208,1
163.10268759727478,458,208,1
163.20440912246704,462,208,1
163.31112241744995,467,208,1
163.41783833503723,471,208,1
163.5195746421814,476,208,1
163.62629103660583,481,208,1
163.7330002784729,485,209,1
163.83572149276733,490,209,1
163.94143915176392,495,209,1
164.0491178035736,500,209,1
164.15088510513306,505,209,1
164.25758528709412,509,209,1
164.36431455612183,514,209,1
164.4659948348999,519,209,1
164.5727560520172,523,210,1
164.67847347259521,527,210,1
164.78119134902954,530,211,1
164.88791275024414,533,210,1
164.99462294578552,535,211,1
165.09733986854553,537,210,1
165.20407581329346,538,211,0
165.30977487564087,538,209,0
165.41249775886536,538,208,0
165.51921391487122,538,208,0
165.6249361038208,537,208,0
165.72766828536987,536,209,0
165.83437848091125,534,208,-1
165.94009351730347,531,203,-1
166.0438187122345,527,203,-1
166.14955353736877,522,203,-1
166.2562437057495,516,203,-1
166.3579821586609,510,203,-1
166.4646909236908,504,203,-1
166.57141780853271,498,203,-1
166.6741440296173,493,203,-1
166.78084063529968,488,202,-1
166.88656306266785,485,202,-1
166.989248752594,482,203,-1
167.0959951877594,479,203,-1
167.20171213150024,475,202,-1
167.30844640731812,471,203,-1
167.41116642951965,467,202,-1
167.51783204078674,464,203,-1
167.62359738349915,461,202,-1
167.72631525993347,460,202,0
167.83302545547485,458,204,-1
167.93974018096924,456,202,-1
168.0414822101593,455,202,0
168.14818334579468,452,204,-1
168.2509241104126,451,203,0
168.35662007331848,449,204,-1
168.46330285072327,449,202,0
168.56607127189636,449,203,0
168.67278003692627,449,204,0
168.77850699424744,450,204,0
168.8812255859375,451,204,0
168.987943649292,452,204,0
169.09464836120605,454,204,1
169.19737434387207,457,209,1
169.30310153961182,461,208,1
169.40981483459473,466,208,1
169.51252055168152,473,208,1
169.61925435066223,479,208,1
169.72493314743042,484,208,1
169.82769465446472,490,208,1
169.9344232082367,495,208,1
170.0411286354065,499,209,1
170.14285326004028,503,209,1
170.2495834827423,507,209,1
170.35628724098206,512,209,1
170.4580078125,516,209,1
170.5646903514862,520,209,1
170.67143559455872,525,210,1
170.77416110038757,527,209,1
170.88084053993225,530,210,1
170.98655366897583,533,210,1
171.08933401107788,535,210,1
171.19603657722473,536,210,0
171.3017110824585,537,208,0
171.40447902679443,538,208,0
171.5111961364746,537,207,0
171.61790227890015,536,208,0
171.723637342453,534,208,-1
171.8263487815857,533,203,0
171.93306469917297,531,206,-1
172.03578233718872,530,204,0
172.14150047302246,526,205,-1
172.2482204437256,523,203,-1
172.35490322113037,518,203,-1
172.45765447616577,513,202,-1
172.56337547302246,507,203,-1
172.6701204776764,501,202,-1
172.77282667160034,495,202,-1
172.87853574752808,490,202,-1
172.98539638519287,484,202,-1
173.0879783630371,478,202,-1
173.19468784332275,472,202,-1
173.30040788650513,468,202,-1
173.40415024757385,463,202,-1
173.50986051559448,459,202,-1
173.61655354499817,457,203,-1
173.71828985214233,454,202,-1
173.82500958442688,452,202,-1
173.931711435318,448,203,-1
174.03345131874084,442,202,-1
174.14035606384277,436,202,-1
174.24709582328796,431,202,-1
174.3498158454895,427,202,-1
174.45652556419373,424,202,-1
174.56223011016846,422,202,-1
174.66491270065308,422,202,0
174.77163076400757,422,204,0
174.87339854240417,422,204,0
174.9801149368286,422,204,0
175.08682513237,423,204,0
175.18954348564148,424,204,0
175.29627132415771,427,204,1
175.40198349952698,430,209,1
175.50472211837769,435,208,1
175.61043119430542,439,208,1
175.71715211868286,445,209,1
175.81986021995544,450,208,1
175.92657709121704,454,209,1
176.03230619430542,457,208,1
176.13602662086487,459,208,1
176.24173617362976,462,208,1
176.34842038154602,464,208,1
176.45113682746887,467,208,1
176.5568928718567,471,208,1
176.66356754302979,475,209,1
176.76632595062256,478,208,1
176.87205171585083,482,209,1
176.97876453399658,485,209,1
177.0814859867096,488,210,1
177.18816304206848,490,209,1
177.2949297428131,493,209,1
177.39760661125183,497,210,1
177.50335693359375,499,210,1
177.61007070541382,502,210,1
177.71177673339844,505,210,1
177.81847834587097,509,210,1
177.92525029182434,512,211,1
178.02795696258545,515,210,1
178.1336362361908,517,211,1
178.24039101600647,519,211,1
178.34312963485718,520,211,0
178.4488227367401,521,209,0
178.55554842948914,522,208,0
178.6582646369934,522,209,0
178.76494789123535,522,208,0
178.8717052936554,522,209,0
178.97741866111755,520,209,-1
179.0831015110016,518,204,-1
179.1868212223053,515,203,-1
179.29357409477234,512,203,-1
179.39529943466187,508,203,-1
179.50200867652893,504,203,-1
179.608722448349,500,203,-1
179.7106750011444,495,203,-1
179.81738185882568,490,203,-1
179.92410159111023,486,202,-1
180.0258321762085,483,203,-1
180.13253259658813,479,203,-1
180.2392144203186,475,202,-1
180.3419406414032,471,203,-1
180.44770288467407,467,203,-1
180.5544135570526,463,202,-1
180.65713238716125,460,202,-1
180.76381516456604,457,202,-1
180.8695719242096,456,202,0
180.97229385375977,454,204,-1
181.07900094985962,454,203,0
181.18580770492554,454,204,0
181.287761926651,452,204,-1
181.3944709300995,452,202,0
181.5011899471283,451,204,0
181.60291576385498,451,204,0
181.70964169502258,450,204,0
181.81636261940002,451,205,0
181.9190752506256,451,205,0
182.02482175827026,453,204,1
182.1315622329712,457,209,1
182.2331943511963,461,208,1
182.33995652198792,466,208,1
182.44680762290955,472,208,1
182.54938125610352,478,209,1
182.65611338615417,482,209,1
182.76178193092346,488,209,1
182.86456775665283,493,209,1
182.9712691307068,497,210,1
183.07797265052795,501,209,1
183.18071007728577,505,210,1
183.28642439842224,509,209,1
183.39313077926636,513,210,1
183.49585795402527,515,209,1
183.6025927066803,518,210,1
183.7082896232605,520,210,1
183.81097626686096,523,210,1
183.9167332649231,525,210,1
184.02340722084045,526,210,0
184.1262059211731,526,208,0
184.23290133476257,526,209,0
184.3396074771881,526,208,0
184.44133281707764,525,208,0
184.54805183410645,524,208,0
184.6547589302063,524,208,0
184.75748300552368,523,208,0
184.86320328712463,521,208,-1
184.96993017196655,519,203,-1
185.07662415504456,516,203,-1
185.17844653129578,512,203,-1
185.28503155708313,507,203,-1
185.39176177978516,502,203,-1
185.49448466300964,498,203,-1
185.60018944740295,493,203,-1
185.70725870132446,488,203,-1
185.80895972251892,483,202,-1
185.9156835079193,479,202,-1
186.02251267433167,473,202,-1
186.12512278556824,467,203,-1
186.23185563087463,463,202,-1
186.33755135536194,459,203,-1
186.4402792453766,453,202,-1
186.54696774482727,445,202,-1
186.65367698669434,437,202,-1
186.75544905662537,430,202,-1
186.8631248474121,423,202,-1
186.96887278556824,413,202,-1
187.07159304618835,382,203,-1
187.1773271560669,342,202,-1
187.28402161598206,313,202,-1
187.3867471218109,300,203,-1
187.49247932434082,298,202,-1
187.59520649909973,302,202,1
187.70190286636353,311,208,1
187.8085904121399,321,208,1
187.9113712310791,336,209,1
188.0180699825287,353,208,1
188.12377905845642,372,209,1
188.2255244255066,387,208,1
188.33222913742065,400,209,1
188.43895649909973,409,208,1
188.54166436195374,418,209,1
188.64834022521973,425,209,1
188.75409483909607,433,209,1
188.85683584213257,442,209,1
188.964506149292,451,209,1
189.07025623321533,460,209,1
189.17198634147644,467,209,1
189.279718875885,472,209,1
189.38539958000183,476,209,1
189.48713660240173,480,210,1
189.5938594341278,485,210,1
189.70056200027466,489,210,1
189.80328750610352,493,210,1
189.9099681377411,494,210,0
190.01572394371033,494,208,0
190.11852955818176,493,208,0
190.22514963150024,492,208,0
190.33088064193726,489,208,-1
190.43759751319885,485,203,-1
190.54030871391296,480,203,-1
190.6470308303833,473,203,-1
190.7527494430542,465,203,-1
190.8554835319519,457,202,-1
190.9621865749359,450,203,-1
191.06890320777893,441,202,-1
191.17163681983948,433,202,-1
191.2773561477661,424,202,-1
191.3840618133545,416,202,-1
191.4867866039276,409,203,-1
191.5925052165985,402,202,-1
191.69923329353333,396,203,-1
191.80195307731628,389,202,-1
191.90862202644348,383,202,-1
192.01438307762146,377,203,-1
192.11723065376282,371,202,-1
192.22383379936218,365,202,-1
192.3294939994812,361,202,-1
192.43327069282532,360,203,0
192.53896689414978,358,204,-1
192.64168453216553,359,202,0
192.7474217414856,361,204,1
192.8541340827942,364,209,1
192.95685982704163,367,209,1
193.06356477737427,369,208,1
193.1692864894867,373,208,1
193.2730131149292,377,208,1
193.37872099876404,381,208,1
193.4854326248169,386,209,1
193.58716821670532,391,209,1
193.6948881149292,396,209,1
193.80062651634216,401,209,1
193.90233445167542,406,209,1
194.00904250144958,412,210,1
194.11575722694397,417,209,1
194.21844029426575,423,210,1
194.32516050338745,428,209,1
194.4309139251709,434,210,1
194.53366112709045,438,210,1
194.6403591632843,444,210,1
194.74706292152405,450,211,1
194.8487560749054,455,210,1
194.95546793937683,462,211,1
195.06218552589417,467,211,1
195.1639678478241,474,211,1
195.27167224884033,479,211,1
195.37738585472107,483,211,1
195.4801025390625,487,211,1
195.586829662323,491,211,1
195.69249749183655,495,211,1
195.79522490501404,497,212,1
195.90193843841553,498,212,0
196.00874161720276,497,210,0
196.11441111564636,495,210,-1
196.2175874710083,490,204,-1
196.32331490516663,485,203,-1
196.43002653121948,478,203,-1
196.53275728225708,470,203,-1
196.63847160339355,462,203,-1
196.74514031410217,451,203,-1
196.8478651046753,442,203,-1
196.95461297035217,435,203,-1
197.0613329410553,428,202,-1
197.16302132606506,422,202,-1
197.26980018615723,417,203,-1
197.37548637390137,412,202,-1
197.47918486595154,408,202,-1
197.5848948955536,404,203,-1
197.69164323806763,401,202,-1
197.7933349609375,399,202,-1
197.90010237693787,398,202,0
198.00676655769348,397,204,0
198.10952425003052,396,204,0
198.2162401676178,395,205,0
198.32296562194824,392,205,-1
198.42472648620605,390,202,-1
198.531396150589,389,202,0
198.63711714744568,388,204,0
198.73984384536743,387,204,0
198.84656929969788,387,204,0
198.9532356262207,387,204,0
199.0550034046173,388,204,0
199.16177582740784,388,205,0
199.26943469047546,388,204,0
199.37114882469177,390,204,1
199.47783422470093,393,209,1
199.58359622955322,397,208,1
199.6863055229187,401,208,1
199.7930202484131,406,209,1
199.89874625205994,410,210,1
200.0014717578888,414,209,1
200.10817527770996,417,210,1
200.21390771865845,420,209,1
200.31662559509277,424,210,1
200.42335057258606,426,210,1
200.53001523017883,429,210,1
200.6327748298645,432,210,1
200.738516330719,434,210,1
200.84618163108826,437,210,1
200.94794130325317,439,210,1
201.05361437797546,441,211,1
201.1603615283966,443,211,1
201.2641031742096,447,211,1
201.3697714805603,452,211,1
201.4765224456787,457,211,1
201.57825112342834,461,211,1
201.6850335597992,465,211,1
201.79170060157776,469,211,1
201.8934018611908,472,211,1
202.00013303756714,474,212,1
202.10683917999268,476,212,1
202.20956349372864,476,212,0
202.31627750396729,473,211,-1
202.42199420928955,468,204,-1
202.52871370315552,462,203,-1
202.63142943382263,456,203,-1
202.73811268806458,448,204,-1
202.8440136909485,440,203,-1
202.94658732414246,434,203,-1
203.05330061912537,428,203,-1
203.15903544425964,423,203,-1
203.26174521446228,418,203,-1
203.36845707893372,415,202,-1
203.47519254684448,413,203,-1
203.5769078731537,410,202,-1
203.68358182907104,410,203,0
203.79035639762878,408,204,-1
203.89305520057678,406,202,-1
203.99877858161926,404,203,-1
204.101464509964,403,203,0
204.20821380615234,401,204,-1
204.3149552345276,401,202,0
204.417662858963,401,204,0
204.52337408065796,401,205,0
204.63021850585938,401,205,0
204.73277759552002,402,205,0
204.83853816986084,401,205,0
204.94520592689514,402,205,0
205.04796433448792,401,204,0
205.15469074249268,401,205,0
205.26039457321167,401,205,0
205.3630940914154,402,205,0
205.46983885765076,403,205,0
205.57568502426147,403,205,0
205.67828249931335,405,205,1
205.7849600315094,408,209,1
205.89072394371033,410,209,1
205.9934492111206,415,209,1
206.10016417503357,418,209,1
206.2068691253662,422,209,1
206.30959463119507,426,210,1
206.41532397270203,430,209,1
206.52203512191772,434,210,1
206.6247537136078,437,210,1
206.73047614097595,440,210,1
206.83820819854736,444,210,1
206.93991947174072,448,210,1
207.0466194152832,453,210,1
207.15234541893005,458,211,1
207.25608706474304,463,211,1
207.36178016662598,467,211,1
207.46848917007446,472,211,1
207.57018303871155,477,212,1
207.67790579795837,481,211,1
207.78364515304565,484,212,1
207.88639450073242,488,211,1
207.99210619926453,491,212,1
208.09883308410645,493,212,1
208.20153093338013,495,212,1
208.30824422836304,494,212,0
208.4139757156372,493,211,0
208.52069234848022,491,210,-1
208.62352013587952,489,204,-1
208.73011755943298,486,203,-1
208.83585000038147,482,203,-1
208.93852400779724,475,203,-1
209.04524159431458,469,203,-1
209.15195441246033,461,203,-1
209.2537236213684,454,203,-1
209.36044263839722,447,203,-1
209.46715998649597,439,203,-1
209.56983637809753,432,202,-1
209.67655539512634,425,202,-1
209.7823076248169,420,202,-1
209.8850383758545,415,203,-1
209.99174237251282,410,202,-1
210.09746742248535,406,202,-1
210.2002236843109,402,202,-1
210.30691814422607,400,203,-1
210.4125816822052,396,202,-1
210.5153489112854,392,202,-1
210.62205362319946,390,203,-1
210.72874402999878,388,202,-1
210.8305127620697,386,202,-1
210.9372205734253,384,202,-1
211.04393219947815,381,202,-1
211.14665150642395,378,202,-1
211.25238227844238,376,202,-1
211.35510325431824,377,203,0
211.46177506446838,376,203,0
211.56753516197205,378,204,1
211.67526483535767,381,209,1
211.7779722213745,387,208,1
211.88365054130554,394,209,1
211.99036407470703,403,209,1
212.09213209152222,412,209,1
212.19884634017944,422,209,1
212.3055543899536,431,209,1
212.40729641914368,438,209,1
212.5140142440796,444,209,1
212.62071013450623,449,210,1
212.7234332561493,456,210,1
212.8301818370819,467,210,1
212.935870885849,479,210,1
213.03859400749207,491,210,1
213.14530420303345,501,211,1
213.25203251838684,509,211,1
213.35376524925232,515,210,1
213.4604287147522,522,211,1
213.56714534759521,526,210,1
213.6699059009552,531,211,1
213.775625705719,533,211,1
213.8823573589325,535,211,1
213.98505997657776,535,211,0
214.0927848815918,535,209,0
214.19749999046326,534,209,0
214.30022501945496,532,208,-1
214.40693068504333,530,204,-1
214.51365780830383,527,203,-1
214.61538648605347,524,203,-1
214.72205591201782,519,203,-1
214.82877039909363,514,203,-1
214.9305443763733,508,203,-1
215.03726029396057,502,202,-1
215.1439290046692,497,203,-1
215.24668860435486,489,203,-1
215.35241079330444,478,202,-1
215.45942068099976,465,203,-1
215.5651297569275,451,202,-1
215.66785430908203,439,202,-1
215.77456903457642,428,202,-1
215.8812792301178,421,202,-1
215.98301696777344,415,202,-1
216.08972597122192,409,202,-1
216.19640183448792,403,202,-1
216.29917764663696,399,202,-1
216.4048900604248,399,203,0
216.50761938095093,399,204,0
216.61433815956116,399,204,0
216.72103118896484,399,204,0
216.82277512550354,399,204,0
216.9304802417755,401,205,1
217.03621530532837,402,209,0
217.13891339302063,403,206,0
217.244610786438,406,205,1
217.35136032104492,410,208,1
217.45407843589783,415,209,1
217.56077218055725,420,209,1
217.6664683818817,425,209,1
217.76923274993896,431,209,1
217.8759410381317,435,209,1
217.98265552520752,439,209,1
218.0844178199768,443,209,1
218.19111800193787,448,210,1
218.29782009124756,454,210,1
218.39956283569336,461,210,1
218.50626349449158,470,211,1
218.6129777431488,479,210,1
218.7157106399536,488,211,1
218.82241797447205,494,210,1
218.92813897132874,500,211,1
219.0308599472046,505,211,1
219.13756895065308,509,211,1
219.24430656433105,513,211,1
219.3460111618042,517,211,1
219.45276308059692,520,211,1
219.55943870544434,523,211,1
219.66116786003113,525,211,1
219.7688910961151,528,211,1
219.87460064888,530,212,1
219.9773349761963,534,212,1
220.0840060710907,538,212,1
220.18971920013428,546,212,1
220.29244446754456,558,213,1
220.39919924736023,570,212,1
220.50587630271912,583,212,1
220.6076419353485,593,213,1
220.71435165405273,599,213,1
220.82003355026245,600,213,0
220.92679738998413,598,212,-1
221.02951192855835,594,205,-1
221.13623428344727,588,203,-1
221.24208045005798,581,204,-1
221.34503865242004,574,204,-1
221.45172667503357,566,203,-1
221.55748462677002,557,203,-1
221.66016340255737,549,203,-1
221.76691102981567,538,203,-1
221.8736321926117,528,203,-1
221.9753589630127,519,203,-1
222.0820770263672,511,203,-1
222.18878602981567,502,203,-1
222.29164385795593,490,202,-1
222.39822936058044,477,203,-1
222.50394940376282,464,203,-1
222.60666871070862,450,202,-1
222.7133927345276,438,203,-1
222.8190634250641,426,202,-1
222.92184472084045,417,202,-1
223.02853679656982,410,202,-1
223.1342601776123,403,202,-1
223.23703527450562,396,202,-1
223.3439724445343,389,203,-1
223.45068550109863,384,202,-1
223.55242013931274,380,202,-1
223.65912699699402,379,202,0
223.76184749603271,380,203,0
223.86753106117249,385,204,1
223.97429156303406,393,209,1
224.07697439193726,401,209,1
224.18374228477478,409,209,1
224.28943538665771,418,209,1
224.3921263217926,426,209,1
224.4988842010498,435,209,1
224.60560131072998,444,209,1
224.70733094215393,454,209,1
224.8139989376068,463,210,1
224.92074513435364,472,209,1
225.02244114875793,480,210,1
225.13016057014465,488,211,1
225.23592400550842,494,211,1
225.33863520622253,500,211,1
225.44536542892456,504,211,1
225.55106711387634,509,211,1
225.65378665924072,512,211,1
225.76050305366516,515,212,1
225.86623072624207,517,211,1
225.96894907951355,518,211,0
226.07565808296204,518,209,0
226.1823718547821,518,210,0
226.28805589675903,516,209,-1
226.39082217216492,513,204,-1
226.49749994277954,508,203,-1
226.60420966148376,502,203,-1
226.7059862613678,495,203,-1
226.8126564025879,488,203,-1
226.91940689086914,482,203,-1
227.0221254825592,475,202,-1
227.12780952453613,467,203,-1
227.2345678806305,459,203,-1
227.33730745315552,448,203,-1
227.44401741027832,440,202,-1
227.55068111419678,433,203,-1
227.6524531841278,426,202,-1
227.75915503501892,421,202,-1
227.86583614349365,417,202,-1
227.96861243247986,413,202,-1
228.07427763938904,411,202,-1
228.18099212646484,408,202,-1
228.28376960754395,408,202,0
228.38948321342468,407,204,0
228.4961552619934,409,205,1
228.5989112854004,410,209,0
228.70463156700134,413,206,1
228.81130695343018,417,208,1
228.91403222084045,420,209,1
229.0207531452179,425,209,1
229.12749814987183,429,209,1
229.2292230129242,434,210,1
229.33593726158142,439,209,1
229.44266271591187,446,210,1
229.5453462600708,451,209,1
229.6511013507843,457,210,1
229.7578103542328,462,210,1
229.8605329990387,467,210,1
229.96621704101562,471,211,1
230.07297468185425,474,210,1
230.17569375038147,479,211,1
230.28142285346985,483,211,1
230.3881287574768,489,211,1
230.49085569381714,493,211,1
230.5975637435913,496,211,1
230.70428228378296,498,212,1
230.80601263046265,499,211,0
230.91272282600403,499,210,0
231.0194013118744,497,210,-1
231.121160030365,494,204,-1
231.2278425693512,489,203,-1
231.33459186553955,482,203,-1
231.43731594085693,475,203,-1
231.54304695129395,468,203,-1
231.64990258216858,461,203,-1
231.75262880325317,455,203,-1
231.8591969013214,449,202,-1
231.96592688560486,444,203,-1
232.07163619995117,438,203,-1
232.17434310913086,433,202,-1
232.2810776233673,429,202,-1
232.38777780532837,427,202,-1
232.48951315879822,425,203,-1
232.5962347984314,424,202,0
232.69894433021545,424,204,0
232.80467295646667,424,205,0
232.91133856773376,422,204,-1
233.01410508155823,422,202,0
233.12083554267883,422,205,0
233.22654008865356,422,204,0
233.33023071289062,422,204,0
233.4359712600708,422,205,0
233.54281544685364,422,205,0
233.64442586898804,423,205,0
233.7511341571808,423,205,0
233.8578646183014,424,205,0
233.95956993103027,424,204,0
234.0663070678711,426,204,1
234.17300987243652,428,210,1
234.2756953239441,432,209,1
234.38144159317017,436,209,1
234.48817229270935,441,210,1
234.59091353416443,446,210,1
234.69759583473206,450,210,1
234.8033287525177,455,210,1
234.90705275535583,460,210,1
235.0127193927765,465,211,1
235.11946749687195,468,211,1
235.22120666503906,472,210,1
235.3279163837433,476,211,1
235.434636592865,480,211,1
235.53635025024414,483,211,1
235.64407062530518,485,211,1
235.74978852272034,487,212,1
235.8525207042694,488,211,0
235.95922684669495,490,210,1
236.06495881080627,493,212,1
236.1676709651947,495,212,1
236.27451395988464,496,212,0
236.3811047077179,496,210,0
236.48382687568665,496,210,0
236.58954644203186,494,209,-1
236.69625878334045,491,204,-1
236.80197429656982,486,203,-1
236.90567803382874,479,203,-1
237.01137256622314,471,203,-1
237.11808919906616,462,203,-1
237.2208709716797,456,203,-1
237.3265724182129,450,203,-1
237.4335651397705,445,202,-1
237.53527879714966,441,203,-1
237.64198660850525,437,203,-1
237.74870920181274,434,202,-1
237.85141801834106,430,203,-1
237.95715713500977,427,202,-1
238.05988001823425,426,202,0
238.16659116744995,425,205,0
238.2734227180481,425,205,0
238.37502360343933,425,205,0
238.48174262046814,425,205,0
238.588458776474,425,205,0
238.69117259979248,426,206,0
238.79689979553223,425,205,0
238.90357208251953,424,205,0
239.0063304901123,425,206,0
239.11304998397827,425,205,0
239.2187762260437,427,206,1
239.32149505615234,429,210,1
239.42818903923035,432,209,1
239.53493332862854,435,209,1
239.6366515159607,440,210,1
239.74337792396545,444,210,1
239.85008072853088,450,210,1
239.95281052589417,455,210,1
240.05852556228638,461,211,1
240.1652443408966,467,211,1
240.26798558235168,472,211,1
240.37467980384827,477,211,1
240.48040175437927,480,211,1
240.5831229686737,484,212,1
240.68983101844788,486,211,1
240.7955515384674,488,212,1
240.89829897880554,490,212,1
241.00498366355896,493,211,1
241.11170315742493,495,212,1
241.21344089508057,497,212,1
241.320148229599,497,212,0
241.42687511444092,496,210,0
241.53357696533203,493,210,-1
241.6353178024292,489,205,-1
241.74201941490173,482,203,-1
241.84875106811523,475,203,-1
241.95047211647034,467,203,-1
242.0571756362915,459,203,-1
242.163893699646,452,203,-1
242.26663732528687,445,203,-1
242.3733320236206,441,203,-1
242.48005199432373,437,202,-1
242.5817756652832,434,203,-1
242.68848252296448,433,203,0
242.7941975593567,430,204,-1
242.89692950248718,428,202,-1
243.00364589691162,427,203,0
243.11035180091858,425,204,-1
243.2130856513977,425,203,0
243.3198266029358,425,205,0
243.42152166366577,426,206,0
243.52820777893066,427,205,0
243.63496828079224,428,205,0
243.73765182495117,430,205,1
243.84340143203735,433,210,1
243.9501073360443,437,209,1
244.051851272583,441,210,1
244.1585681438446,446,209,1
244.2652735710144,453,210,1
244.367990732193,459,210,1
244.47467422485352,464,210,1
244.58043479919434,469,210,1
244.6871452331543,474,210,1
244.78986167907715,478,211,1
244.89558935165405,483,211,1
245.00231099128723,486,211,1
245.10502910614014,489,211,1
245.21170377731323,493,211,1
245.31741619110107,496,212,1
245.42114400863647,498,212,1
245.5269012451172,499,212,0
245.63361120224,500,210,0
245.7353413105011,501,210,0
245.8420615196228,501,210,0
245.94876408576965,500,210,0
246.0505051612854,498,209,-1
246.15721535682678,495,204,-1
246.26489639282227,491,203,-1
246.36664366722107,484,203,-1
246.4723744392395,478,203,-1
246.57908248901367,471,203,-1
246.6817672252655,465,203,-1
246.7885127067566,459,203,-1
246.8952419757843,452,202,-1
246.99696350097656,447,202,-1
247.1036765575409,442,203,-1
247.21038627624512,437,203,-1
247.31211924552917,434,202,-1
247.41883444786072,432,202,-1
247.52554726600647,430,202,-1
247.62826991081238,429,202,0
247.7339527606964,429,204,0
247.84172534942627,428,205,0
247.94339203834534,428,205,0
248.05011224746704,427,205,0
248.1558666229248,427,205,0
248.2585837841034,427,205,0
248.365305185318,427,205,0
248.47199296951294,427,205,0
248.57374620437622,427,205,0
248.68045616149902,427,205,0
248.78718757629395,428,205,0
248.8898983001709,428,205,0
248.99562001228333,428,205,0
249.1023461818695,429,205,0
249.2050507068634,432,205,1
249.31073451042175,435,210,1
249.4174530506134,438,210,1
249.52024483680725,443,209,1
249.62693691253662,447,210,1
249.73278641700745,453,210,1
249.8353316783905,458,210,1
249.94208574295044,463,210,1
250.0487985610962,469,210,1
250.15152955055237,474,211,1
250.25758385658264,480,211,1
250.36434483528137,484,211,1
250.466068983078,488,211,1
250.5727744102478,491,211,1
250.67949604988098,494,211,1
250.78118252754211,497,211,1
250.8879427909851,500,212,1
250.99465990066528,503,212,1
251.09733772277832,507,212,1
251.20311546325684,508,212,0
251.31081342697144,510,211,1
251.41253399848938,510,212,0
251.5192427635193,509,210,0
251.62496876716614,507,210,-1
251.73168110847473,503,204,-1
251.8354127407074,498,203,-1
251.94111347198486,492,203,-1
252.04683709144592,485,203,-1
252.14954113960266,478,203,-1
252.25631046295166,471,203,-1
252.36299300193787,465,203,-1
252.67312216758728,458,203,-1
