0.0009984970092773438,383,203,1
0.2363719940185547,383,207,0
0.3091728687286377,382,203,0
0.38497257232666016,380,202,-1
0.4617645740509033,379,201,0
0.5355677604675293,378,202,0
0.6313116550445557,377,202,0
0.7380259037017822,376,202,0
0.8437423706054688,376,203,0
0.9464678764343262,377,203,0
1.0531854629516602,377,202,0
1.1598975658416748,378,203,0
1.2616267204284668,380,202,1
1.3683497905731201,382,206,1
1.4750545024871826,386,206,1
1.5777809619903564,390,206,1
1.6834969520568848,395,207,1
1.7902114391326904,400,206,1
1.8929381370544434,407,206,1
1.999650478363037,414,206,1
2.10536789894104,422,206,1
2.208094358444214,430,206,1
2.3148577213287354,436,206,1
2.421522378921509,441,206,1
2.5232508182525635,444,206,1
2.6299664974212646,446,206,1
2.736694097518921,448,206,1
2.838407278060913,450,206,1
2.9451229572296143,452,206,1
3.0518364906311035,456,206,1
3.1545629501342773,459,206,1
3.2612767219543457,461,206,1
3.3669941425323486,460,206,0
3.4737095832824707,458,203,-1
3.5764341354370117,455,201,-1
3.6831488609313965,452,201,-1
3.7888665199279785,450,201,-1
3.8915913105010986,448,201,-1
3.9983057975769043,446,201,-1
4.104022026062012,444,201,-1
4.2067484855651855,440,201,-1
4.313463449478149,434,200,-1
4.420186519622803,428,201,-1
4.521903991699219,422,201,-1
4.628619432449341,416,201,-1
4.735334157943726,411,201,-1
4.838061332702637,407,201,-1
4.943778038024902,405,201,-1
5.050490140914917,403,200,-1
5.153216123580933,401,200,-1
5.2599310874938965,399,200,-1
5.365647554397583,394,201,-1
5.468420743942261,390,201,-1
5.575087070465088,386,201,-1
5.6818037033081055,383,201,-1
5.783529996871948,380,200,-1
5.890247106552124,379,200,0
5.9929704666137695,379,202,0
6.098719358444214,378,202,0
6.205402374267578,378,202,0
6.308128595352173,378,202,0
6.414841890335083,376,202,-1
6.520559310913086,375,201,0
6.623284816741943,374,202,0
6.730003118515015,373,202,0
6.836712598800659,373,203,0
6.938476324081421,373,203,0
7.045156002044678,373,203,0
7.1518714427948,374,203,0
7.254596710205078,374,203,0
7.360314846038818,374,203,0
7.467029333114624,374,203,0
7.5697526931762695,373,203,0
7.676467657089233,373,202,0
7.782185316085815,373,203,0
7.884909391403198,374,202,0
7.991623163223267,377,202,1
8.098337888717651,382,207,1
8.200066089630127,388,206,1
8.306780099868774,397,206,1
8.413498163223267,405,206,1
8.51622223854065,415,206,1
8.621972799301147,424,206,1
8.72865343093872,433,206,1
8.831410646438599,439,206,1
8.938092947006226,444,206,1
9.053783655166626,448,206,1
9.159500360488892,453,206,1
9.253249406814575,459,206,1
9.359124660491943,466,206,1
9.47777509689331,471,206,1
9.597455501556396,473,206,1
9.736083030700684,471,206,-1
9.84978175163269,468,201,-1
9.93754529953003,463,201,-1
10.019325733184814,459,200,-1
10.097120523452759,455,201,-1
10.198846578598022,451,200,-1
10.305559873580933,446,201,-1
10.412274360656738,439,201,-1
10.514002084732056,432,200,-1
10.620718002319336,424,200,-1
10.727431774139404,418,200,-1
10.830190420150757,413,201,-1
10.935916662216187,408,201,-1
11.042588472366333,404,201,-1
11.145352840423584,400,201,-1
11.25206184387207,396,200,-1
11.357745885848999,391,200,-1
11.46047067642212,385,200,-1
11.567185163497925,378,201,-1
11.67389965057373,372,201,-1
11.775627374649048,368,201,-1
11.882378339767456,365,200,-1
11.98905634880066,364,200,0
12.091815948486328,363,202,0
12.197499990463257,362,202,0
12.304213285446167,362,202,0
12.40693998336792,361,202,0
12.513656854629517,359,202,-1
12.619372129440308,358,201,0
12.722095727920532,359,202,0
12.828811168670654,361,202,1
12.935524940490723,366,207,1
13.037253379821777,371,206,1
13.143967390060425,379,206,1
13.25068211555481,387,206,1
13.352409601211548,398,207,1
13.459124326705933,408,207,1
13.565879821777344,417,206,1
13.668564796447754,425,206,1
13.774281978607178,430,206,1
13.880996227264404,434,207,1
13.983721017837524,435,206,0
14.090436697006226,437,203,1
14.196208238601685,438,206,0
14.298878908157349,439,203,0
14.405592918395996,438,202,0
14.512310981750488,437,202,0
14.619022607803345,435,202,-1
14.720751523971558,432,200,-1
14.827511548995972,429,200,-1
14.934178829193115,426,201,-1
15.035906553268433,422,200,-1
15.142621994018555,418,200,-1
15.249335765838623,414,200,-1
15.352061033248901,408,201,-1
15.457778215408325,402,201,-1
15.56449294090271,396,201,-1
15.667218208312988,392,201,-1
15.773932695388794,388,201,-1
15.87965178489685,385,200,-1
15.982374906539917,383,200,-1
16.0890896320343,381,201,-1
16.195805072784424,379,201,-1
16.29753351211548,376,201,-1
16.40424656867981,374,201,-1
16.510961532592773,372,201,-1
16.612690687179565,371,201,0
16.719403982162476,371,202,0
16.822129487991333,371,202,0
16.928844451904297,372,202,0
17.034560680389404,372,202,0
17.137285947799683,372,202,0
17.244000673294067,372,202,0
17.350714921951294,375,203,1
17.45244288444519,380,207,1
17.559157609939575,386,206,1
17.665872812271118,394,206,1
17.76859736442566,404,206,1
17.874314546585083,414,206,1
17.98102903366089,424,206,1
18.083754301071167,434,206,1
18.19046902656555,442,206,1
18.296186208724976,447,206,1
18.398911714553833,449,206,1
18.505626916885376,451,206,1
18.612340688705444,452,206,0
18.714069604873657,451,203,0
18.820784091949463,451,202,0
18.927497386932373,449,202,-1
19.03022265434265,448,200,0
19.135939836502075,444,202,-1
19.24265432357788,441,201,-1
19.349369764328003,438,201,-1
19.451097011566162,433,200,-1
19.557811498641968,428,200,-1
19.664579391479492,423,200,-1
19.76725172996521,420,200,-1
19.87297010421753,415,200,-1
19.979684352874756,408,201,-1
20.082408905029297,399,201,-1
20.189123392105103,391,200,-1
20.294841527938843,385,200,-1
20.397566318511963,380,201,-1
20.504281520843506,377,200,-1
20.607006311416626,376,200,0
20.712722539901733,375,202,0
20.81943702697754,375,202,0
20.922162294387817,374,202,0
21.028877019882202,373,202,0
21.13459539413452,372,202,0
21.24130868911743,370,202,-1
21.344035148620605,369,201,0
21.450783252716064,369,202,0
21.552510023117065,369,202,0
21.65920090675354,370,203,0
21.765905141830444,370,202,0
21.8686306476593,371,203,0
21.974348545074463,371,203,0
22.081063508987427,370,202,0
22.183788061141968,369,202,0
22.28950572013855,371,203,1
22.396219968795776,374,207,1
22.50293493270874,380,206,1
22.605660438537598,388,206,1
22.711377143859863,398,206,1
22.818092584609985,408,206,1
22.92081618309021,417,207,1
23.02753210067749,422,206,1
23.13324809074402,428,206,1
23.235973119735718,431,207,1
23.342687845230103,434,206,1
23.449402570724487,434,206,0
23.551131010055542,433,203,0
23.657878160476685,432,202,0
23.764559507369995,430,202,-1
23.86731767654419,428,201,-1
23.973042726516724,424,201,-1
24.079716682434082,420,201,-1
24.182485580444336,415,200,-1
24.289156198501587,408,201,-1
24.394874334335327,400,201,-1
24.49759864807129,392,200,-1
24.604313611984253,386,200,-1
24.71102809906006,383,200,-1
24.812755823135376,381,201,-1
24.919470071792603,378,200,-1
25.026185274124146,374,201,-1
25.13190197944641,371,201,-1
25.23462724685669,368,200,-1
25.341341733932495,364,200,-1
25.44805645942688,362,200,-1
25.549784183502197,360,200,-1
25.656498908996582,359,200,0
25.75922393798828,358,202,0
25.865939378738403,357,202,0
25.971657276153564,356,202,0
26.078370332717896,354,202,-1
26.181095600128174,353,200,0
26.28781223297119,354,202,0
26.38953924179077,359,202,1
26.496253490447998,366,207,1
26.602967262268066,373,206,1
26.705692529678345,380,206,1
26.81140971183777,386,206,1
26.918124198913574,391,206,1
27.020849466323853,397,206,1
27.127564668655396,400,206,1
27.233283519744873,402,206,1
27.336007595062256,403,207,0
27.442721843719482,402,204,0
27.549437046051025,401,203,0
27.655152797698975,398,203,-1
27.75787925720215,396,201,-1
27.864592790603638,392,200,-1
27.971307039260864,389,200,-1
28.073036193847656,387,200,-1
28.179750204086304,384,200,-1
28.28646492958069,381,200,-1
28.388192653656006,379,201,-1
28.49490761756897,376,200,-1
28.601621389389038,373,200,-1
28.704347133636475,369,201,-1
28.811062335968018,364,200,-1
28.91677951812744,359,200,-1
29.019539833068848,355,201,-1
29.126219272613525,353,201,-1
29.227946758270264,352,201,0
29.334660530090332,351,202,0
29.441375970840454,351,203,0
29.544101238250732,352,202,0
29.649819135665894,353,203,0
29.756532192230225,353,202,0
29.86324691772461,351,202,-1
29.965972185134888,354,200,1
30.071690559387207,360,205,1
30.17441415786743,369,207,1
30.281128883361816,379,207,1
30.38684606552124,390,206,1
30.489572048187256,403,206,1
30.596327304840088,416,207,1
30.703001737594604,426,206,1
30.804729461669922,436,206,1
30.91144371032715,442,206,1
31.018157482147217,448,206,1
31.120884656906128,452,206,1
31.226600885391235,454,206,1
31.333314418792725,454,207,0
31.43604016304016,454,203,0
31.542754411697388,453,202,0
31.648471355438232,452,202,0
31.755186319351196,450,202,-1
31.85791277885437,446,201,-1
31.9646258354187,442,200,-1
32.070343255996704,436,200,-1
32.173068046569824,431,200,-1
32.27978277206421,425,201,-1
32.38649845123291,420,201,-1
32.48822593688965,414,200,-1
32.5949923992157,405,200,-1
32.7016544342041,394,200,-1
32.80437970161438,383,201,-1
32.910099267959595,374,200,-1
33.01681137084961,368,200,-1
33.11953663825989,364,200,-1
33.22625255584717,363,201,0
33.327980041503906,363,202,0
33.434693813323975,364,202,0
33.5414080619812,366,203,1
33.64413380622864,366,207,0
33.74985122680664,366,204,0
33.85656666755676,366,203,0
33.95929193496704,368,202,1
34.06500768661499,369,206,0
34.171722412109375,370,203,0
34.274449586868286,373,202,1
34.38117218017578,379,206,1
34.48687934875488,387,206,1
34.593594551086426,398,206,1
34.696319580078125,409,206,1
34.80303478240967,419,206,1
34.908751010894775,426,206,1
35.011518478393555,431,206,1
35.1181914806366,435,206,1
35.22490644454956,438,206,1
35.32663369178772,441,206,1
35.43334984779358,444,207,1
35.54006242752075,445,206,0
35.642788887023926,444,203,0
35.748504638671875,442,202,-1
35.85521936416626,439,201,-1
35.95794486999512,435,201,-1
36.06465935707092,429,200,-1
36.17037630081177,423,200,-1
36.27313756942749,418,200,-1
36.37981629371643,414,200,-1
36.486530780792236,409,201,-1
36.58826041221619,403,201,-1
36.69497299194336,395,201,-1
36.80168867111206,387,200,-1
36.90441298484802,380,200,-1
37.01012992858887,373,200,-1
37.11684489250183,367,200,-1
37.22355937957764,363,200,-1
37.326284885406494,361,201,-1
37.43200182914734,359,200,-1
37.538716316223145,355,200,-1
37.64144229888916,349,200,-1
37.74716067314148,344,201,-1
37.84988451004028,344,201,0
37.956599712371826,351,202,1
38.06331443786621,361,207,1
38.16504263877869,373,206,1
38.271756410598755,385,206,1
38.37847018241882,397,207,1
38.481196641922,405,207,1
38.58691358566284,410,206,1
38.69362735748291,413,206,1
38.79640007019043,415,206,1
38.90306735038757,415,206,0
39.008784770965576,413,203,-1
39.11550045013428,411,200,-1
39.2182240486145,408,200,-1
39.32493829727173,405,200,-1
39.430659532547,403,201,-1
39.53338098526001,400,201,-1
39.640098094940186,396,201,-1
39.74681091308594,391,201,-1
39.84853935241699,385,201,-1
39.9552526473999,379,200,-1
40.06196856498718,375,201,-1
40.16369557380676,371,200,-1
40.27040958404541,368,200,-1
40.377124309539795,363,200,-1
40.47985029220581,353,200,-1
40.585567235946655,344,200,-1
40.6922812461853,337,201,-1
40.79500889778137,334,201,-1
40.90172100067139,333,200,0
41.00344896316528,334,202,0
41.11016345024109,336,202,1
41.21687841415405,341,207,1
41.31964445114136,348,206,1
41.42631793022156,357,206,1
41.53203511238098,366,206,1
41.63476252555847,374,206,1
41.741474866867065,382,207,1
41.84719228744507,389,207,1
41.94991731643677,399,206,1
42.05663323402405,411,206,1
42.162349700927734,423,207,1
42.265074253082275,433,206,1
42.37178897857666,440,206,1
42.478503465652466,443,207,1
42.58521795272827,441,206,-1
42.68694591522217,437,201,-1
42.793662309646606,431,200,-1
42.90040898323059,424,200,-1
43.00210356712341,418,200,-1
43.10886573791504,412,201,-1
43.21553325653076,404,200,-1
43.31829833984375,396,200,-1
43.42397451400757,387,200,-1
43.53068923950195,380,200,-1
43.63341426849365,373,201,-1
43.740129709243774,367,201,-1
43.84584617614746,362,201,-1
43.94861125946045,358,201,-1
44.055285692214966,356,200,-1
44.158010959625244,355,200,0
44.26372838020325,353,202,-1
44.37044286727905,347,200,-1
44.47715759277344,338,201,-1
44.57988262176514,328,201,-1
44.685601234436035,323,201,-1
44.78832530975342,324,200,0
44.895039796829224,333,202,1
45.001755714416504,347,207,1
45.10352444648743,363,207,1
45.210198402404785,377,207,1
45.316911458969116,389,206,1
45.419636487960815,399,207,1
45.52535390853882,406,206,1
45.632068157196045,411,206,1
45.7347936630249,415,206,1
45.84051060676575,417,207,1
45.94722557067871,418,207,0
46.04995059967041,417,204,0
46.15666580200195,416,203,0
46.26238250732422,415,203,0
46.3690984249115,413,203,-1
46.471874952316284,410,200,-1
46.57853674888611,407,200,-1
46.68425464630127,404,201,-1
46.78698015213013,401,201,-1
46.89369487762451,397,200,-1
47.00040817260742,395,200,-1
47.102136850357056,391,200,-1
47.20885157585144,387,200,-1
47.31556701660156,381,200,-1
47.418291330337524,375,201,-1
47.52400851249695,369,201,-1
47.630722999572754,362,200,-1
47.733447790145874,355,200,-1
47.84016251564026,350,200,-1
47.9458954334259,347,200,-1
48.04860544204712,345,200,-1
48.155325174331665,343,200,-1
48.26203513145447,340,200,-1
48.36376142501831,339,201,0
48.47047710418701,337,201,-1
48.577192544937134,338,201,0
48.679917097091675,341,202,1
48.78567886352539,349,207,1
48.892348527908325,360,206,1
48.995118856430054,373,206,1
49.10079097747803,385,206,1
49.207504749298096,397,207,1
49.310229778289795,407,207,1
49.41694450378418,415,207,1
49.5226616859436,421,207,1
49.62538814544678,427,207,1
49.73210310935974,430,207,1
49.83881759643555,432,206,1
49.940545320510864,433,207,0
50.04726028442383,431,203,-1
50.15397500991821,430,201,0
50.26068997383118,427,202,-1
50.36241555213928,423,201,-1
50.46913003921509,418,201,-1
50.57584476470947,413,201,-1
50.67856979370117,407,200,-1
50.78428864479065,401,200,-1
50.89100360870361,396,201,-1
50.99372673034668,390,200,-1
51.09947919845581,383,200,-1
51.20615839958191,377,200,-1
51.30888557434082,370,200,-1
51.41559839248657,362,201,-1
51.52231311798096,356,200,-1
51.624043226242065,352,200,-1
51.73075580596924,352,201,0
51.83348202705383,354,202,1
51.9391987323761,356,207,1
52.045912981033325,360,207,1
52.1486713886261,367,207,1
52.25535249710083,374,206,1
52.361069679260254,383,207,1
52.46379470825195,393,207,1
52.57050967216492,404,207,1
52.67722415924072,416,206,1
52.778952836990356,428,207,1
52.88566732406616,438,206,1
52.99238157272339,446,206,1
53.095141887664795,452,207,1
53.20082449913025,455,207,1
53.307539224624634,456,206,0
53.41026306152344,455,203,0
53.51697778701782,453,202,-1
53.62274670600891,452,201,0
53.72941017150879,449,202,-1
53.83213472366333,445,201,-1
53.938849449157715,441,201,-1
54.04457378387451,434,201,-1
54.14729166030884,428,200,-1
54.25400638580322,421,200,-1
54.36072063446045,416,201,-1
54.4624502658844,409,201,-1
54.56916332244873,401,201,-1
54.67587852478027,392,201,-1
54.778603076934814,383,201,-1
54.884321451187134,376,200,-1
54.99203395843506,368,200,-1
55.09376001358032,362,200,-1
55.1994788646698,358,201,-1
55.306193590164185,356,200,-1
55.41390585899353,356,200,0
55.51563239097595,356,202,0
55.61736059188843,355,202,0
55.724074363708496,355,202,0
55.83078861236572,359,202,1
55.93351411819458,365,207,1
56.03923177719116,373,207,1
56.145947217941284,382,207,1
56.24867272377014,390,206,1
56.35538721084595,400,206,1
56.4611029624939,410,207,1
56.56382894515991,418,206,1
56.67054271697998,424,206,1
56.77725839614868,430,207,1
56.87898588180542,435,207,1
56.985706090927124,437,207,1
57.092416524887085,437,206,0
57.19414234161377,436,203,0
57.30085754394531,434,202,-1
57.40757179260254,432,201,-1
57.5142867565155,429,200,-1
57.617011070251465,426,200,-1
57.722728967666626,421,200,-1
57.829442739486694,414,200,-1
57.93220138549805,408,200,-1
58.03788638114929,402,200,-1
58.1445996761322,397,200,-1
58.24732494354248,391,201,-1
58.354039669036865,383,201,-1
58.45975708961487,376,200,-1
58.56248211860657,369,200,-1
58.66919660568237,366,201,-1
58.77591133117676,366,201,0
58.87764024734497,367,202,0
58.9843544960022,369,202,1
59.09107041358948,371,207,1
59.19379425048828,373,206,1
59.299561977386475,378,207,1
59.40622520446777,384,207,1
59.509002923965454,391,206,1
59.615665674209595,399,206,1
59.72138214111328,407,207,1
59.82411026954651,413,206,1
59.93085598945618,422,207,1
60.03753662109375,430,206,1
60.13926434516907,437,207,1
60.24597907066345,443,207,1
60.35269546508789,444,207,0
60.45442223548889,441,204,-1
60.561137676239014,436,201,-1
60.667850971221924,430,200,-1
60.77057719230652,425,200,-1
60.87629318237305,421,200,-1
60.98300766944885,418,201,-1
61.08573269844055,413,200,-1
61.192447900772095,408,200,-1
61.29816460609436,402,200,-1
61.404879570007324,395,200,-1
61.50765371322632,389,200,-1
61.61431884765625,384,200,-1
61.72003626823425,380,200,-1
61.82276129722595,377,201,-1
61.929476737976074,372,200,-1
62.03619050979614,367,200,-1
62.137919425964355,363,200,-1
62.24463367462158,361,200,-1
62.35134840011597,359,201,-1
62.45407295227051,358,201,0
62.55978989601135,359,202,0
62.66251540184021,362,202,1
62.76923179626465,369,208,1
62.87499499320984,377,206,1
62.977673053741455,387,207,1
63.08443737030029,398,207,1
63.191102743148804,407,207,1
63.293827295303345,415,207,1
63.399545669555664,422,207,1
63.506258964538574,428,206,1
63.608986616134644,434,207,1
63.714743852615356,438,207,1
63.821415424346924,441,207,1
63.92418169975281,440,206,0
64.03085684776306,436,204,-1
64.13657283782959,430,201,-1
64.24332737922668,424,201,-1
64.3460123538971,417,201,-1
64.4527280330658,410,200,-1
64.55844402313232,403,200,-1
64.6611692905426,397,200,-1
64.76788425445557,390,200,-1
64.87459874153137,385,200,-1
64.97632718086243,381,200,-1
65.08304119110107,377,200,-1
65.18975567817688,374,200,-1
65.29248309135437,371,200,-1
65.398197889328,370,201,0
65.50491333007812,368,202,-1
65.60763812065125,367,201,0
65.71435213088989,365,202,-1
65.8200695514679,363,201,-1
65.92279529571533,363,201,0
66.02950930595398,365,202,1
66.13123726844788,370,207,1
66.23795199394226,378,206,1
66.34466648101807,388,207,1
66.44739151000977,397,206,1
66.5531096458435,406,207,1
66.65982413291931,413,207,1
66.76254940032959,418,207,1
66.86926341056824,422,207,1
66.97498083114624,425,207,1
67.07770562171936,427,207,1
67.18442010879517,427,207,0
67.29113531112671,426,204,0
67.39685273170471,423,202,-1
67.49957776069641,420,200,-1
67.60629177093506,415,201,-1
67.71300649642944,409,201,-1
67.81473422050476,403,200,-1
67.92144870758057,397,200,-1
68.02816390991211,391,200,-1
68.13089036941528,388,201,-1
68.23660707473755,383,201,-1
68.3433210849762,378,200,-1
68.44604563713074,371,200,-1
68.55276012420654,364,200,-1
68.65847897529602,359,201,-1
68.76120257377625,354,201,-1
68.86791682243347,352,200,-1
68.96968150138855,353,200,0
69.07635974884033,355,202,1
69.18307495117188,358,207,1
69.28579926490784,358,207,0
69.39251399040222,358,203,0
69.49823188781738,360,202,1
69.60095643997192,367,207,1
69.70767116546631,375,206,1
69.81338810920715,384,206,1
69.9161536693573,393,207,1
70.02283072471619,398,207,1
70.12954330444336,401,207,1
70.23127126693726,402,207,0
70.33798599243164,402,204,0
70.44477558135986,401,203,0
70.55141401290894,399,203,-1
70.65314221382141,396,200,-1
70.75985670089722,391,200,-1
70.86657118797302,387,201,-1
70.96929621696472,384,200,-1
71.0760109424591,378,200,-1
71.18172812461853,370,200,-1
71.28445434570312,358,200,-1
71.39116907119751,347,200,-1
71.49688577651978,337,200,-1
71.59961032867432,329,200,-1
71.70632600784302,323,200,-1
71.81303977966309,319,200,-1
71.91476726531982,315,200,-1
72.02148246765137,306,200,-1
72.12819647789001,293,200,-1
72.22992467880249,282,201,-1
72.33669233322144,275,201,-1
72.44335341453552,271,200,-1
72.54612302780151,271,200,0
72.6517961025238,277,202,1
72.75851058959961,290,207,1
72.86127018928528,305,207,1
72.96795320510864,320,207,1
73.07366847991943,334,207,1
73.17639398574829,346,207,1
73.28310775756836,356,206,1
73.38982343673706,365,207,1
73.49158430099487,372,207,1
73.59826445579529,379,207,1
73.70497941970825,384,207,1
73.80770468711853,387,207,1
73.91342377662659,387,207,0
74.02013611793518,385,204,-1
74.12685060501099,382,201,-1
74.22957634925842,378,200,-1
74.33529305458069,373,201,-1
74.4420428276062,365,201,-1
74.54473400115967,355,201,-1
74.65144777297974,347,201,-1
74.75716614723206,339,201,-1
74.85989093780518,331,200,-1
74.96660566329956,324,200,-1
75.07235717773438,318,201,-1
75.17504787445068,313,201,-1
75.28176259994507,310,201,-1
75.38847851753235,307,201,-1
75.49025630950928,306,201,0
75.59692025184631,306,202,0
75.69964385032654,306,203,0
75.80635857582092,308,203,1
75.91207647323608,312,207,1
76.01480078697205,318,207,1
76.12151503562927,326,206,1
76.22823023796082,334,206,1
76.33000326156616,344,207,1
76.43667268753052,354,207,1
76.5433874130249,365,207,1
76.64611339569092,376,207,1
76.75186491012573,386,207,1
76.85854363441467,393,207,1
76.96126914024353,398,207,1
77.06798362731934,398,207,0
77.17469835281372,395,204,-1
77.28041529655457,390,200,-1
77.38314080238342,385,200,-1
77.48985552787781,382,201,-1
77.59557294845581,379,200,-1
77.69829773902893,375,200,-1
77.80505871772766,368,200,-1
77.91172742843628,360,200,-1
78.01345562934875,350,200,-1
78.1201708316803,341,200,-1
78.22688436508179,333,201,-1
78.3296115398407,326,200,-1
78.43536233901978,322,200,-1
78.54204392433167,319,200,-1
78.64476919174194,317,200,-1
78.75048327445984,313,200,-1
78.85719799995422,309,200,-1
78.95992398262024,306,201,-1
79.06663775444031,303,200,-1
79.16836953163147,302,200,0
79.2750813961029,301,202,0
79.3817949295044,305,202,1
79.48451972007751,313,208,1
79.5902373790741,323,207,1
79.69695329666138,333,207,1
79.79973030090332,344,207,1
79.90639233589172,355,207,1
80.01210856437683,365,207,1
80.11483454704285,372,207,1
80.22155499458313,380,207,1
80.3282630443573,385,207,1
80.4299910068512,391,207,1
80.536705493927,392,207,0
80.64342069625854,392,204,0
80.74913883209229,390,203,-1
80.85186266899109,388,201,-1
80.95861744880676,384,201,-1
81.06529259681702,379,200,-1
81.1670196056366,375,200,-1
81.27373504638672,373,200,-1
81.38045048713684,370,201,-1
81.48317432403564,365,201,-1
81.5898904800415,356,200,-1
81.69560551643372,345,200,-1
81.79833221435547,336,200,-1
81.90504670143127,328,200,-1
82.0107626914978,322,200,-1
82.11353516578674,319,201,-1
82.22023797035217,317,200,-1
82.32695126533508,316,200,0
82.42864489555359,315,202,0
82.53536009788513,313,202,-1
82.64207410812378,312,201,0
82.74480056762695,311,202,0
82.85051703453064,311,202,0
82.9572319984436,311,202,0
83.05995750427246,314,202,1
83.16667103767395,320,207,1
83.27238821983337,328,207,1
83.3751130104065,338,207,1
83.48182797431946,350,207,1
83.58854532241821,362,208,1
83.69027066230774,372,207,1
83.79698491096497,380,207,1
83.90369963645935,387,207,1
84.00642514228821,392,208,1
84.11214208602905,396,207,1
84.2188572883606,399,207,1
84.32158184051514,401,207,1
84.42729902267456,401,208,0
84.53401350975037,400,205,0
84.63674116134644,398,204,-1
84.74345397949219,395,201,-1
84.84917140007019,391,201,-1
84.95588827133179,389,201,-1
85.05861020088196,386,201,-1
85.16532492637634,383,200,-1
85.27104210853577,380,200,-1
85.37376761436462,377,200,-1
85.48048257827759,370,200,-1
85.58719944953918,361,200,-1
85.68892455101013,351,201,-1
85.79563879966736,340,201,-1
85.90235352516174,331,200,-1
86.00507998466492,324,200,-1
86.11079621315002,320,200,-1
86.21751308441162,318,200,-1
86.32023692131042,316,200,-1
86.42595362663269,314,200,-1
86.52872443199158,313,200,0
86.6353931427002,313,202,0
86.74210715293884,314,202,0
86.84383535385132,318,202,1
86.9505500793457,325,208,1
87.05726552009583,335,207,1
87.15999031066895,347,207,1
87.26570677757263,359,207,1
87.37242150306702,371,207,1
87.47514748573303,380,207,1
87.5818612575531,387,207,1
87.68757843971252,392,208,1
87.79030442237854,395,207,1
87.89701890945435,395,207,0
88.00373315811157,395,205,0
88.10945129394531,393,203,-1
88.21217513084412,391,201,-1
88.31889081001282,389,201,-1
88.42560505867004,386,201,-1
88.5283305644989,381,200,-1
88.63404679298401,374,200,-1
88.7407615184784,365,200,-1
88.84348678588867,358,200,-1
88.9492039680481,351,200,-1
89.05591893196106,344,201,-1
89.15864682197571,336,201,-1
89.26535820960999,328,200,-1
89.37107539176941,322,200,-1
89.47380208969116,318,201,-1
89.58055257797241,315,200,-1
89.68224287033081,314,200,0
89.78896164894104,314,202,0
89.89567303657532,314,202,0
89.99839806556702,314,202,0
90.10411477088928,313,202,0
90.21082949638367,313,202,0
90.31355476379395,312,202,0
90.42026996612549,312,202,0
90.52598690986633,314,202,1
90.62871146202087,320,207,1
90.73542666435242,329,207,1
90.84214210510254,340,207,1
90.9439148902893,354,207,1
91.05058312416077,367,207,1
91.15729975700378,378,207,1
91.26002264022827,386,207,1
91.36574006080627,392,208,1
91.47245478630066,396,208,1
91.57518076896667,398,207,1
91.68189430236816,400,208,1
91.78761315345764,402,208,1
91.89033699035645,402,208,0
91.99705147743225,400,206,-1
92.10376739501953,397,201,-1
92.20948386192322,393,201,-1
92.31220841407776,389,201,-1
92.41892313957214,384,200,-1
92.52464079856873,380,201,-1
92.62736558914185,376,201,-1
92.73408079147339,371,200,-1
92.84079551696777,362,200,-1
92.94252395629883,352,201,-1
93.04923796653748,341,201,-1
93.15595173835754,331,200,-1
93.25867772102356,323,200,-1
93.36439657211304,318,200,-1
93.47115659713745,315,201,-1
93.57383394241333,312,200,-1
93.6806161403656,310,201,-1
93.7872633934021,308,201,-1
93.88899087905884,304,200,-1
93.99570608139038,300,200,-1
94.10242009162903,297,200,-1
94.20414805412292,296,200,0
94.31091523170471,296,201,0
94.41757702827454,297,202,0
94.520334482193,300,203,1
94.62601971626282,302,208,1
94.73273396492004,305,207,1
94.83545994758606,308,207,1
94.9421739578247,313,207,1
95.04789113998413,320,208,1
95.1506712436676,328,207,1
95.25733208656311,337,207,1
95.3640468120575,347,208,1
95.46577382087708,359,208,1
95.5724880695343,371,208,1
95.67920327186584,381,208,1
95.78093099594116,389,208,1
95.88764595985413,395,208,1
95.99435949325562,398,208,1
96.0970847606659,399,208,0
96.20380067825317,399,205,0
96.30951642990112,401,204,1
96.41224145889282,405,209,1
96.51895904541016,409,209,1
96.62467336654663,412,208,1
96.72739887237549,412,208,0
96.83411312103271,411,206,0
96.94082808494568,409,205,-1
97.04654502868652,407,201,-1
97.1492702960968,402,201,-1
97.25598478317261,398,201,-1
97.36269927024841,394,201,-1
97.46442937850952,390,201,-1
97.57114481925964,383,201,-1
97.6778564453125,374,201,-1
97.78058171272278,363,201,-1
97.88729858398438,354,201,-1
97.99301409721375,347,200,-1
98.09573864936829,341,200,-1
98.20245432853699,338,201,-1
98.30418372154236,337,200,0
98.41089749336243,334,202,-1
98.51761674880981,328,201,-1
98.62432503700256,318,201,-1
98.72605323791504,308,200,-1
98.83276724815369,299,200,-1
98.93948173522949,292,201,-1
99.04121279716492,287,200,-1
99.14792442321777,285,200,-1
99.25064945220947,285,200,0
99.35736417770386,285,202,0
99.46407866477966,286,202,0
99.56580829620361,287,202,0
99.67252111434937,288,202,0
99.77923560142517,289,202,0
99.88096380233765,292,202,1
99.98767805099487,300,208,1
100.094393491745,310,207,1
100.19711804389954,320,207,1
100.30283856391907,332,208,1
100.4095504283905,341,208,1
100.51227521896362,350,207,1
100.61898946762085,359,208,1
100.72470760345459,367,208,1
100.82748484611511,373,208,1
100.93414640426636,378,208,1
101.04086208343506,383,208,1
101.14258980751038,390,208,1
101.24930334091187,398,209,1
101.35601806640625,404,209,1
101.45774602890015,408,209,1
101.564462184906,409,209,0
101.67117691040039,408,207,0
101.77792620658875,404,206,-1
101.87965273857117,400,202,-1
101.98636841773987,397,201,-1
102.0930495262146,394,201,-1
102.19581151008606,391,201,-1
102.30152463912964,387,201,-1
102.40824055671692,381,201,-1
102.51096439361572,371,201,-1
102.61767864227295,361,200,-1
102.72339606285095,351,200,-1
102.82612180709839,344,201,-1
102.9328031539917,339,201,-1
103.0395176410675,334,201,-1
103.14124488830566,328,201,-1
103.24795770645142,319,200,-1
103.35471081733704,311,200,-1
103.45739936828613,306,201,-1
103.56314873695374,301,201,-1
103.66983079910278,298,201,-1
103.77255439758301,297,200,0
103.87930560112,296,202,0
103.98099660873413,297,202,0
104.08774662017822,297,202,0
104.19446563720703,301,203,1
104.29618954658508,308,208,1
104.40290570259094,317,207,1
104.5096185207367,327,208,1
104.61234307289124,336,207,1
104.71802520751953,344,207,1
104.82474160194397,355,208,1
104.92750024795532,367,208,1
105.03418111801147,379,209,1
105.13993382453918,389,208,1
105.24265742301941,396,208,1
105.34937071800232,399,209,1
105.45605325698853,396,209,-1
105.56177043914795,391,202,-1
105.66449403762817,386,201,-1
105.77124357223511,382,201,-1
105.877925157547,378,200,-1
105.9796998500824,375,200,-1
106.08640217781067,372,201,-1
106.19311594963074,368,201,-1
106.29583930969238,363,201,-1
106.4025251865387,355,200,-1
106.5082745552063,348,200,-1
106.61096358299255,344,200,-1
106.7177140712738,341,201,-1
106.82343053817749,339,201,-1
106.92615461349487,336,201,-1
107.03283381462097,332,201,-1
107.1395492553711,327,201,-1
107.2413272857666,322,200,-1
107.34799313545227,319,201,-1
107.4547393321991,315,200,-1
107.55643320083618,315,200,0
107.6631498336792,318,202,1
107.76989984512329,325,208,1
107.87259101867676,334,207,1
107.97833895683289,343,207,1
108.08506727218628,353,207,1
108.1877806186676,363,207,1
108.29449248313904,372,208,1
108.40017938613892,380,208,1
108.5029046535492,387,208,1
108.60961937904358,396,208,1
108.71636486053467,406,209,1
108.81809520721436,412,209,1
108.92480754852295,416,208,1
109.03153705596924,416,208,0
109.1382429599762,413,206,-1
109.2399320602417,409,202,-1
109.34667921066284,402,201,-1
109.45339679718018,397,201,-1
109.5561203956604,392,200,-1
109.66185069084167,387,200,-1
109.76855182647705,385,201,-1
109.87124180793762,381,201,-1
109.97795796394348,377,201,-1
110.08371043205261,373,200,-1
110.18645167350769,371,200,-1
110.29314732551575,371,200,0
110.39488220214844,372,202,0
110.50159192085266,374,202,1
110.60830521583557,374,208,0
110.71501874923706,371,204,-1
110.81674718856812,363,201,-1
110.92346334457397,354,200,-1
111.03014421463013,345,200,-1
111.13286709785461,337,200,-1
111.23858571052551,328,201,-1
111.34530067443848,319,201,-1
111.4480242729187,311,200,-1
111.55474066734314,306,200,-1
111.66045761108398,302,200,-1
111.76318264007568,299,200,-1
111.86989569664001,298,200,0
111.97265529632568,298,201,0
112.07837462425232,301,202,1
112.18509364128113,308,207,1
112.28777933120728,319,207,1
112.3944947719574,331,207,1
112.50020956993103,343,207,1
112.6029372215271,355,208,1
112.7096495628357,367,208,1
112.81540274620056,381,207,1
112.9181272983551,394,208,1
113.02484083175659,404,208,1
113.13156604766846,408,208,1
113.23328399658203,408,208,0
113.33999705314636,403,205,-1
113.4467122554779,397,201,-1
113.55339527130127,389,201,-1
113.65515446662903,383,201,-1
113.76187205314636,377,200,-1
113.86858987808228,368,200,-1
113.9713089466095,358,201,-1
114.07703256607056,349,200,-1
114.18374156951904,342,200,-1
114.28647041320801,334,201,-1
114.39318084716797,328,201,-1
114.49889945983887,322,201,-1
114.60162329673767,318,200,-1
114.70830345153809,316,200,-1
114.81503105163574,310,201,-1
114.91674613952637,301,200,-1
115.0234956741333,293,200,-1
115.13020920753479,288,201,-1
115.23293662071228,285,201,-1
115.33861923217773,283,200,-1
115.44134402275085,285,200,1
115.54805994033813,294,206,1
115.65477180480957,308,208,1
115.75653672218323,323,208,1
115.86325025558472,336,207,1
115.9699649810791,349,208,1
116.07169079780579,360,208,1
116.17837142944336,369,208,1
116.28508877754211,377,208,1
116.38781261444092,384,208,1
116.49356412887573,390,209,1
116.60027813911438,392,208,1
116.70301580429077,393,208,0
116.80971908569336,391,205,-1
116.91543459892273,388,201,-1
117.02216243743896,384,201,-1
117.12484192848206,377,200,-1
117.23155426979065,369,201,-1
117.3373191356659,362,200,-1
117.44003367424011,357,201,-1
117.54676032066345,354,201,-1
117.6534595489502,351,201,-1
117.75518989562988,347,201,-1
117.86190295219421,343,201,-1
117.96858310699463,339,200,-1
118.07134246826172,335,201,-1
118.17702531814575,332,201,-1
118.28378105163574,329,200,-1
118.38650131225586,326,200,-1
118.49321389198303,325,200,0
118.59889674186707,323,202,-1
118.70165729522705,321,201,-1
118.80833840370178,316,201,-1
118.91505265235901,310,200,-1
119.01681399345398,307,200,-1
119.1234962940216,308,201,0
119.23024582862854,314,202,1
119.33197069168091,323,208,1
119.43868565559387,333,207,1
119.54536771774292,343,208,1
119.6481249332428,355,208,1
119.75480532646179,367,208,1
119.86052417755127,379,208,1
119.96328449249268,388,208,1
120.06996393203735,393,208,1
120.1756796836853,395,208,1
120.28239393234253,393,208,-1
120.38511943817139,389,202,-1
120.49183368682861,385,200,-1
120.59755277633667,382,201,-1
120.7002763748169,379,201,-1
120.80702710151672,373,200,-1
120.91374111175537,367,200,-1
121.01546931266785,359,200,-1
121.12218165397644,352,201,-1
121.22886228561401,346,200,-1
121.33158779144287,343,200,-1
121.43734359741211,340,200,-1
121.54003190994263,339,200,0
121.64677929878235,337,202,-1
121.75349378585815,334,201,-1
121.85921025276184,331,200,-1
121.96193671226501,326,201,-1
122.06865119934082,321,200,-1
122.17433452606201,317,200,-1
122.2770586013794,314,200,-1
122.38377475738525,313,201,0
122.48650026321411,313,202,0
122.59224963188171,314,202,0
122.69896483421326,318,202,1
122.80169558525085,325,208,1
122.90840768814087,333,207,1
123.01412200927734,342,207,1
123.1168577671051,350,208,1
123.22352814674377,359,208,1
123.33027601242065,371,208,1
123.43200635910034,381,207,1
123.53871989250183,392,208,1
123.64543890953064,400,208,1
123.74815797805786,404,209,1
123.85388231277466,404,208,0
123.9605917930603,399,205,-1
124.06730771064758,393,201,-1
124.16999745368958,385,200,-1
124.27576160430908,378,200,-1
124.38246273994446,372,200,-1
124.48519325256348,366,201,-1
124.59090495109558,358,201,-1
124.69761800765991,350,200,-1
124.80031061172485,344,200,-1
124.90702414512634,339,200,-1
125.0137403011322,336,200,-1
125.11546802520752,331,200,-1
125.22218298912048,329,201,-1
125.32889747619629,327,200,-1
125.4306252002716,325,200,-1
125.53733968734741,323,200,-1
125.6440544128418,321,201,-1
125.74677968025208,318,201,-1
125.85350704193115,315,201,-1
125.95921015739441,313,201,-1
126.06193614006042,310,201,-1
126.16868853569031,307,200,-1
126.27037787437439,306,200,0
126.37712693214417,306,202,0
126.483806848526,308,202,1
126.58653497695923,309,208,0
126.6922504901886,311,204,1
126.79896545410156,316,207,1
126.90172386169434,323,207,1
127.00840449333191,333,208,1
127.11415648460388,342,208,1
127.21684765815735,351,207,1
127.32356214523315,361,207,1
127.4303092956543,371,208,1
127.53203749656677,380,208,1
127.638751745224,387,208,1
127.74546647071838,392,208,1
127.84719824790955,394,208,1
127.95391368865967,390,208,-1
128.06062293052673,385,202,-1
128.1673436164856,377,201,-1
128.27003121376038,368,200,-1
128.37578129768372,360,200,-1
128.48249745368958,354,200,-1
128.5852234363556,349,201,-1
128.69093704223633,345,200,-1
128.79761743545532,340,200,-1
128.90034294128418,336,200,-1
129.0070571899414,330,201,-1
129.11381316184998,322,201,-1
129.2155475616455,312,201,-1
129.3222620487213,304,201,-1
129.42892980575562,298,200,-1
129.53069281578064,294,200,-1
129.63737320899963,292,200,-1
129.7440857887268,290,201,-1
129.84681105613708,286,201,-1
129.95253038406372,283,201,-1
130.05924463272095,282,201,0
130.16196823120117,285,202,1
130.26868271827698,294,208,1
130.3743999004364,307,207,1
130.47712516784668,322,208,1
130.58388566970825,336,208,1
130.68959164619446,348,208,1
130.79228258132935,357,208,1
130.898996591568,367,208,1
131.00571298599243,375,208,1
131.10747599601746,379,208,1
131.21415376663208,381,208,1
131.32086825370789,381,208,0
131.42359352111816,379,205,-1
131.52931261062622,375,201,-1
131.63602781295776,373,201,-1
131.73875212669373,369,201,-1
131.84546732902527,364,201,-1
131.95118403434753,358,201,-1
132.05789709091187,352,200,-1
132.1606593132019,347,200,-1
132.26737689971924,342,200,-1
132.3730878829956,339,201,-1
132.47581338882446,335,201,-1
132.58252835273743,332,201,-1
132.6892421245575,324,200,-1
132.79097270965576,313,200,-1
132.897686958313,300,200,-1
133.00440001487732,288,201,-1
133.10712456703186,278,200,-1
133.21284294128418,270,200,-1
133.31955695152283,265,200,-1
133.4222812652588,263,200,-1
133.52899622917175,262,200,0
133.6307246685028,262,201,0
133.73743963241577,267,202,1
133.8441526889801,278,208,1
133.9458863735199,294,208,1
134.05256366729736,311,208,1
134.15927815437317,327,208,1
134.26203727722168,339,208,1
134.36775255203247,348,208,1
134.47446656227112,355,208,1
134.57719254493713,363,209,1
134.6838743686676,370,208,1
134.78959012031555,378,209,1
134.89231538772583,381,208,1
134.99906659126282,380,209,0
135.10577940940857,376,205,-1
135.2114634513855,369,201,-1
135.3142213821411,362,200,-1
135.42093586921692,356,200,-1
135.52761602401733,352,201,-1
135.6293442249298,349,201,-1
135.73605847358704,347,200,-1
135.84277319908142,343,200,-1
135.94549822807312,337,200,-1
136.05124974250793,327,201,-1
136.15793228149414,315,201,-1
136.26068925857544,301,200,-1
136.36740589141846,290,200,-1
136.4731216430664,281,200,-1
136.5758125782013,275,200,-1
136.68252801895142,273,200,-1
136.7852520942688,273,201,0
136.8909695148468,272,202,0
136.99771809577942,271,202,0
137.1044328212738,269,202,-1
137.20617580413818,271,201,1
137.31284070014954,277,206,1
137.41556787490845,289,208,1
137.5222828388214,305,208,1
137.62799978256226,321,208,1
137.7307584285736,335,208,1
137.8374743461609,348,208,1
137.94415473937988,359,208,1
138.0459156036377,369,208,1
138.15263175964355,376,208,1
138.2593595981598,378,208,1
138.36206912994385,377,209,0
138.46778655052185,371,206,-1
138.57450103759766,365,202,-1
138.6811842918396,360,200,-1
138.78390645980835,355,200,-1
138.88965964317322,352,201,-1
138.99637722969055,348,201,-1
139.09911394119263,343,200,-1
139.20581889152527,337,200,-1
139.31149649620056,331,200,-1
139.41422200202942,323,200,-1
139.52093648910522,315,200,-1
139.6276512145996,309,201,-1
139.72937893867493,302,201,-1
139.83609175682068,293,200,-1
139.94280791282654,284,200,-1
140.04453444480896,276,200,-1
140.15125060081482,269,200,-1
140.25796508789062,265,200,-1
140.36069083213806,263,201,-1
140.4674050807953,261,200,-1
140.57315587997437,261,200,0
140.67587995529175,264,201,1
140.7825973033905,270,208,1
140.88831186294556,281,208,1
140.99103808403015,294,208,1
141.0977692604065,309,208,1
141.20446872711182,322,208,1
141.30619430541992,333,208,1
141.41290974617004,341,208,1
141.51958870887756,347,208,1
141.62231397628784,352,208,1
141.72803139686584,357,208,1
141.83474564552307,363,208,1
141.93747115135193,371,209,1
142.04418563842773,374,209,1
142.14990305900574,374,209,0
142.25262832641602,369,206,-1
142.35934281349182,363,201,-1
142.46605825424194,356,201,-1
142.56778693199158,351,201,-1
142.67453479766846,347,201,-1
142.78124856948853,344,200,-1
142.88297724723816,339,201,-1
142.98969173431396,333,201,-1
143.09637141227722,322,201,-1
143.19909644126892,309,200,-1
143.30481362342834,296,200,-1
143.41152834892273,283,200,-1
143.51824283599854,273,201,-1
143.6209681034088,266,201,-1
143.72671914100647,262,200,-1
143.8334379196167,260,200,-1
143.9361593723297,259,200,0
144.04287385940552,257,202,-1
144.14859247207642,253,200,-1
144.25131916999817,251,201,-1
144.35804557800293,250,201,0
144.46075654029846,253,202,1
144.56647515296936,262,208,1
144.67315363883972,276,208,1
144.77587866783142,292,208,1
144.88259363174438,309,209,1
144.98831057548523,324,208,1
145.09103655815125,338,208,1
145.1977505683899,347,208,1
145.3034689426422,354,209,1
145.40622782707214,358,209,1
145.51294255256653,359,209,0
145.61965608596802,359,205,0
145.7213499546051,359,204,0
145.8280646800995,359,204,0
145.9347789287567,357,204,-1
146.03750443458557,356,201,0
146.1432557106018,353,203,-1
146.24997091293335,350,201,-1
146.35665225982666,347,201,-1
146.45941185951233,342,201,-1
146.56512999534607,337,200,-1
146.67184209823608,331,200,-1
146.77456712722778,326,200,-1
146.88128399848938,320,200,-1
146.9869990348816,312,201,-1
147.08972430229187,304,200,-1
147.19640469551086,292,201,-1
147.30311918258667,281,201,-1
147.404846906662,272,200,-1
147.51156163215637,266,200,-1
147.61827611923218,263,201,-1
147.72103571891785,262,201,0
147.82671856880188,261,202,0
147.92944359779358,262,203,0
148.03615832328796,264,203,1
148.142906665802,269,208,1
148.24463534355164,279,208,1
148.35131764411926,293,208,1
148.4580729007721,308,208,1
148.5597939491272,323,208,1
148.66647624969482,336,208,1
148.77318692207336,346,208,1
148.87594866752625,353,208,1
148.98166632652283,359,209,1
149.0883858203888,365,209,1
149.19106936454773,371,209,1
149.2977843284607,376,209,1
149.40350079536438,375,209,0
149.51021552085876,371,206,-1
149.61294102668762,366,202,-1
149.71965742111206,360,201,-1
149.82537245750427,356,201,-1
149.92809796333313,354,201,-1
150.03481221199036,352,201,-1
150.14156103134155,348,200,-1
150.24329090118408,344,200,-1
150.35000491142273,336,200,-1
150.4567220211029,325,201,-1
150.5594425201416,311,201,-1
150.66512775421143,297,201,-1
150.7718768119812,286,201,-1
150.87460231781006,280,200,-1
150.9813175201416,277,200,-1
151.0869996547699,275,200,-1
151.1897246837616,275,201,0
151.29643940925598,275,202,0
151.3981683254242,278,202,1
151.50488233566284,286,208,1
151.61159801483154,299,208,1
151.7143235206604,313,208,1
151.82003784179688,328,208,1
151.92675185203552,341,209,1
152.02947688102722,352,209,1
152.13619184494019,360,209,1
152.24190878868103,368,209,1
152.34862542152405,376,210,1
152.45139622688293,379,209,1
152.5580632686615,378,210,0
152.6647777557373,372,206,-1
152.76654028892517,366,202,-1
152.87325882911682,360,200,-1
152.97997188568115,356,201,-1
153.08169865608215,353,201,-1
153.18842458724976,349,200,-1
153.29512691497803,345,200,-1
153.39781737327576,341,201,-1
153.50353407859802,337,201,-1
153.6102488040924,330,200,-1
153.7129738330841,323,200,-1
153.81972241401672,317,201,-1
153.92544221878052,309,200,-1
154.02816581726074,301,200,-1
154.13488030433655,294,200,-1
154.24159932136536,286,200,-1
154.34332251548767,279,200,-1
154.45003724098206,273,200,-1
154.5567545890808,269,200,-1
154.65944719314575,265,200,-1
154.76516127586365,262,200,-1
154.8718740940094,260,200,-1
154.97459959983826,260,200,0
155.0803165435791,261,202,0
155.18703293800354,263,202,1
155.28975796699524,266,208,1
155.39647364616394,275,208,1
155.50218987464905,288,208,1
155.60491514205933,303,209,1
155.71162819862366,317,208,1
155.81834244728088,331,208,1
155.92007040977478,343,209,1
156.02678513526917,352,209,1
156.13355135917664,359,209,1
156.23625874519348,365,209,1
156.34197735786438,372,209,1
156.44868969917297,377,209,1
156.5514268875122,378,209,0
156.65813207626343,374,207,-1
156.76385617256165,368,201,-1
156.87056517601013,362,201,-1
156.97328925132751,358,201,-1
157.0799698829651,354,200,-1
157.185720205307,351,201,-1
157.2884464263916,348,201,-1
157.39515948295593,343,201,-1
157.5008795261383,336,200,-1
157.60360193252563,329,200,-1
157.71028351783752,318,200,-1
157.8170313835144,308,200,-1
157.91976308822632,298,200,-1
158.0254786014557,289,200,-1
158.1321895122528,284,200,-1
158.2349190711975,281,200,-1
158.34064865112305,280,200,0
158.44336032867432,280,202,0
158.5500717163086,280,202,0
158.6567895412445,281,202,0
158.75847864151,280,202,0
158.8651943206787,277,202,-1
158.9719090461731,275,200,-1
159.07463455200195,282,200,1
159.18034982681274,294,206,1
159.28711080551147,311,208,1
159.38983869552612,329,208,1
159.49653935432434,343,208,1
159.60225701332092,354,208,1
159.70498251914978,361,209,1
159.8117036819458,365,209,1
159.91737842559814,366,209,0
160.0201370716095,367,205,0
160.12685298919678,366,204,0
160.23357510566711,364,204,-1
160.33526229858398,363,201,0
160.4419777393341,361,203,-1
160.5487265586853,358,201,-1
160.6554412841797,355,201,-1
160.75813269615173,350,200,-1
160.865877866745,346,201,-1
160.97059440612793,343,201,-1
161.07332181930542,340,200,-1
161.17904090881348,339,201,0
161.28575468063354,336,202,-1
161.3884437084198,332,201,-1
161.4951581954956,325,201,-1
161.60087823867798,316,200,-1
161.7036006450653,305,200,-1
161.8103151321411,293,200,-1
161.91706466674805,284,200,-1
162.01879215240479,278,200,-1
162.1255066394806,274,200,-1
162.2282338142395,273,200,0
162.33494567871094,272,202,0
162.44062995910645,271,202,0
162.54738235473633,269,202,-1
162.6501054763794,269,200,0
162.75678610801697,268,202,0
162.85854506492615,269,202,0
162.96526050567627,271,202,1
163.07197523117065,278,209,1
163.17370557785034,291,208,1
163.28038454055786,307,208,1
163.38713192939758,324,208,1
163.48985719680786,339,208,1
163.59656262397766,352,208,1
163.7022888660431,360,208,1
163.8050148487091,364,209,1
163.91173601150513,367,209,1
164.01744556427002,370,209,1
164.12017130851746,374,209,1
164.2269003391266,376,209,1
164.33360171318054,378,210,1
164.43931913375854,377,210,0
164.5420434474945,375,207,-1
164.6487579345703,371,201,-1
164.75547170639038,366,201,-1
164.85716557502747,361,200,-1
164.9638810157776,356,201,-1
165.07063174247742,352,201,-1
165.17335748672485,346,200,-1
165.27907133102417,342,201,-1
165.38578605651855,335,200,-1
165.48851084709167,326,200,-1
165.59522581100464,317,201,-1
165.70091032981873,307,201,-1
165.80366802215576,295,201,-1
165.91038489341736,286,200,-1
166.0161006450653,279,200,-1
166.118825674057,276,200,-1
166.22554111480713,275,200,0
166.33225464820862,274,202,0
166.43398308753967,279,203,1
166.54066443443298,289,209,1
166.64737749099731,303,208,1
166.75013756752014,318,209,1
166.8558213710785,331,209,1
166.96259665489197,343,208,1
167.06531310081482,354,208,1
167.17200827598572,362,209,1
167.27772688865662,371,210,1
167.3804521560669,378,209,1
167.48718094825745,384,210,1
167.5938823223114,384,210,0
167.69956469535828,378,207,-1
167.8023271560669,371,201,-1
167.90903663635254,365,201,-1
168.0157172679901,362,201,-1
168.11748003959656,358,201,-1
168.2241609096527,356,201,-1
168.33091020584106,353,200,-1
168.4336335659027,350,201,-1
168.53935527801514,344,200,-1
168.64603328704834,337,200,-1
168.74875831604004,328,200,-1
168.85547494888306,320,200,-1
168.96122455596924,313,200,-1
169.06391549110413,306,200,-1
169.17066168785095,298,200,-1
169.27734518051147,291,200,-1
169.37907242774963,284,200,-1
169.48578667640686,279,200,-1
169.59250116348267,277,200,-1
169.69422912597656,275,200,-1
169.80094361305237,276,200,0
169.9036672115326,282,202,1
170.0103816986084,294,208,1
170.1160991191864,309,208,1
170.21882510185242,325,208,1
170.3255386352539,341,208,1
170.43228793144226,352,208,1
170.53401708602905,359,208,1
170.6407299041748,365,208,1
170.74745202064514,367,208,1
170.8501694202423,370,208,1
170.95588994026184,374,208,1
171.0626027584076,375,209,0
171.16532635688782,374,206,0
171.27204370498657,370,205,-1
171.37775897979736,366,201,-1
171.48447370529175,361,201,-1
171.5871663093567,357,201,-1
171.69388008117676,352,201,-1
171.7996301651001,346,201,-1
171.9023551940918,340,201,-1
172.00907230377197,333,200,-1
172.11478805541992,324,200,-1
172.21747994422913,314,201,-1
172.32419276237488,304,201,-1
172.43090724945068,295,201,-1
172.53263521194458,289,201,-1
172.6393883228302,286,200,-1
172.74610471725464,284,200,-1
172.84882307052612,283,200,0
172.9555060863495,284,202,0
173.05723190307617,284,202,0
173.16394686698914,286,202,1
173.27066111564636,291,207,1
173.37238931655884,300,207,1
173.47910356521606,313,207,1
173.58581829071045,325,207,1
173.68854331970215,336,207,1
173.79426050186157,346,207,1
173.9009759426117,354,207,1
174.00370025634766,361,207,1
174.11041498184204,367,208,1
174.21613430976868,372,207,1
174.3188910484314,378,207,1
174.4256067276001,379,208,0
174.5323202610016,376,206,-1
174.63803815841675,370,202,-1
174.7407684326172,365,201,-1
174.84747910499573,362,201,-1
174.95415830612183,358,200,-1
175.05588626861572,355,201,-1
175.16260075569153,351,201,-1
175.26935172080994,345,200,-1
175.37108325958252,336,200,-1
175.47779154777527,323,200,-1
175.58450651168823,310,200,-1
175.68723368644714,298,200,-1
175.79294896125793,290,201,-1
175.89966678619385,284,200,-1
176.00235629081726,280,200,-1
176.10910415649414,276,200,-1
176.21482038497925,275,201,0
176.31754684448242,274,202,0
176.4242753982544,277,202,1
176.5309751033783,286,206,1
176.6327030658722,298,206,1
176.73941946029663,313,206,1
176.84610104560852,329,207,1
176.94882464408875,344,207,1
177.0545415878296,354,206,1
177.16125750541687,362,206,1
177.26398181915283,367,206,1
177.3707308769226,369,206,1
177.47644591331482,369,207,0
177.57917094230652,367,205,-1
177.68588614463806,365,201,-1
177.7925660610199,363,201,-1
177.89429378509521,360,200,-1
178.00101017951965,357,200,-1
178.10772514343262,353,200,-1
178.20945262908936,348,200,-1
178.31620073318481,342,200,-1
178.4228801727295,333,200,-1
178.5256052017212,324,201,-1
178.63132238388062,314,200,-1
178.738037109375,306,200,-1
178.84475207328796,297,201,-1
178.94751071929932,289,201,-1
179.0531940460205,283,201,-1
179.1599087715149,279,200,-1
179.26268410682678,276,200,-1
179.369384765625,274,200,-1
179.471125125885,274,200,0
179.5778408050537,275,202,0
179.68454146385193,280,202,1
179.78723216056824,290,206,1
179.8929479122162,303,205,1
179.999662399292,318,205,1
180.10238790512085,332,205,1
180.20910239219666,345,206,1
180.31485509872437,354,206,1
180.4175796508789,359,205,1
180.5242931842804,363,205,1
180.63001251220703,367,206,1
180.732736825943,369,206,1
180.83945226669312,369,205,0
180.94617366790771,368,204,0
181.0518834590912,365,203,-1
181.1546082496643,362,201,-1
181.26132464408875,358,201,-1
181.3680384159088,353,200,-1
181.46976494789124,348,200,-1
181.57647943496704,342,200,-1
181.68319392204285,334,201,-1
181.78591990470886,322,200,-1
181.89163827896118,307,200,-1
181.9983525276184,293,200,-1
182.10107731819153,282,200,-1
182.2077898979187,274,200,-1
182.31347727775574,270,200,-1
182.41619873046875,268,200,-1
182.52291345596313,268,200,0
182.62563848495483,268,202,0
182.73135566711426,269,202,0
182.83807039260864,271,202,1
182.94079542160034,280,206,1
183.0475103855133,293,205,1
183.15322756767273,308,204,1
183.25595259666443,323,205,1
183.36270594596863,337,205,1
183.46938371658325,348,205,1
183.57114553451538,358,205,1
183.67785906791687,365,205,1
183.78454041481018,370,205,1
183.88626861572266,375,205,1
183.99301648139954,375,205,0
184.09973120689392,371,204,-1
184.20646381378174,366,201,-1
184.30814027786255,361,200,-1
184.41488671302795,357,200,-1
184.52160215377808,353,201,-1
184.62433314323425,349,200,-1
184.7300443649292,341,200,-1
184.83675861358643,330,200,-1
184.9394495487213,318,201,-1
185.04620099067688,307,201,-1
185.15192365646362,295,200,-1
185.25463390350342,286,200,-1
185.36135840415955,280,200,-1
185.4680700302124,277,201,-1
185.5698003768921,276,201,0
185.67651462554932,275,202,0
185.78322792053223,273,203,-1
185.88595271110535,272,200,0
185.9916706085205,277,201,1
186.09439969062805,287,205,1
186.20108151435852,302,205,1
186.3068289756775,318,204,1
186.4095175266266,334,204,1
186.51627349853516,348,205,1
186.62298345565796,358,205,1
186.72470259666443,365,204,1
186.8314323425293,373,204,1
186.93814325332642,379,205,1
187.04083228111267,383,205,1
187.146546125412,382,205,0
187.2532606124878,377,203,-1
187.3599750995636,371,200,-1
187.4627034664154,366,201,-1
187.56841921806335,362,201,-1
187.67518091201782,357,200,-1
187.77789092063904,352,201,-1
187.884605884552,345,200,-1
187.99032473564148,337,200,-1
188.0930483341217,327,200,-1
188.19976258277893,317,200,-1
188.3064832687378,308,201,-1
188.40820598602295,300,201,-1
188.51492023468018,292,200,-1
188.6216378211975,284,200,-1
188.72436237335205,277,201,-1
188.8300905227661,271,200,-1
188.9368052482605,267,200,-1
189.03948307037354,265,200,-1
189.14619779586792,265,200,0
189.25191450119019,267,202,1
189.35463976860046,277,205,1
189.4613561630249,295,204,1
189.56807112693787,316,205,1
189.66983199119568,336,204,1
189.77654600143433,351,204,1
189.88326048851013,362,205,1
189.98595142364502,368,205,1
190.09166836738586,371,205,1
190.19841694831848,374,204,1
190.3011085987091,376,205,1
190.40686058998108,373,205,-1
190.5135748386383,370,201,-1
190.61630010604858,366,200,-1
190.72301363945007,362,200,-1
190.82969665527344,358,200,-1
190.93541288375854,353,201,-1
191.03818321228027,347,201,-1
191.14488744735718,341,200,-1
191.25060534477234,335,200,-1
191.35333824157715,330,200,-1
191.46000862121582,324,200,-1
191.56672286987305,314,200,-1
191.66845083236694,302,200,-1
191.77516555786133,290,200,-1
191.88187980651855,281,201,-1
191.9846053123474,273,201,-1
192.09035778045654,269,201,-1
192.19706344604492,267,201,-1
192.2997648715973,266,201,0
192.40548086166382,267,202,0
192.50820469856262,266,203,0
192.61491918563843,267,203,0
192.7216339111328,274,202,1
192.82336163520813,285,205,1
192.93007636070251,300,205,1
193.0368263721466,316,205,1
193.13955211639404,330,204,1
193.2462329864502,344,205,1
193.35198330879211,354,205,1
193.45471167564392,361,205,1
193.5614230632782,367,205,1
193.66714334487915,372,205,1
193.76986527442932,374,205,1
193.87657976150513,372,205,-1
193.98329377174377,368,201,-1
194.08901166915894,364,201,-1
194.19173574447632,360,201,-1
194.29845452308655,357,201,-1
194.40516662597656,355,200,-1
194.50685954093933,352,200,-1
194.61360836029053,347,200,-1
194.72032165527344,340,200,-1
194.82304763793945,331,200,-1
194.92873096466064,320,200,-1
195.0354447364807,308,201,-1
195.13817024230957,298,201,-1
195.2448856830597,288,200,-1
195.3506019115448,283,200,-1
195.45332717895508,278,200,-1
195.56004190444946,273,200,-1
195.66675782203674,270,200,-1
195.7685191631317,268,200,-1
195.87520027160645,267,200,0
195.9779589176178,267,201,0
196.08364129066467,268,202,0
196.19035744667053,270,202,1
196.2930827140808,278,206,1
196.39983987808228,290,204,1
196.5055468082428,307,204,1
196.60827326774597,324,205,1
196.71495485305786,339,205,1
196.8216688632965,351,205,1
196.92339730262756,360,205,1
197.03014516830444,365,205,1
197.13685941696167,368,205,1
197.2395830154419,369,204,0
197.3452706336975,369,202,0
197.45201659202576,369,202,0
197.55873107910156,366,202,-1
197.66142582893372,364,201,-1
197.76717877388,360,200,-1
197.87388825416565,355,201,-1
197.97661662101746,350,200,-1
198.08232927322388,345,200,-1
198.18904662132263,341,200,-1
198.29176950454712,337,200,-1
198.3984830379486,331,201,-1
198.50417065620422,321,201,-1
198.60692834854126,310,200,-1
198.71364188194275,297,200,-1
198.82037258148193,286,200,-1
198.92208409309387,277,200,-1
199.02879881858826,272,200,-1
199.13551211357117,269,200,-1
199.23823881149292,270,200,0
199.3439221382141,271,201,0
199.45063638687134,273,202,1
199.5533947944641,282,205,1
199.6601221561432,296,205,1
199.7658269405365,312,204,1
199.86855149269104,327,205,1
199.97523188591003,341,205,1
200.08194637298584,352,205,1
200.18371176719666,359,205,1
200.29042553901672,365,205,1
200.3971049785614,371,205,1
200.4998631477356,377,205,1
200.60558009147644,377,205,0
200.7122950553894,374,202,-1
200.81502175331116,368,200,-1
200.921701669693,363,200,-1
201.02746629714966,358,200,-1
201.13017773628235,354,200,-1
201.23689222335815,351,200,-1
201.34361600875854,346,200,-1
201.44530057907104,339,200,-1
201.55201649665833,330,201,-1
201.65876293182373,319,201,-1
201.7614939212799,307,200,-1
201.8672058582306,295,200,-1
201.97388768196106,286,200,-1
202.0806405544281,279,200,-1
202.18332982063293,275,200,-1
202.28907775878906,273,201,-1
202.3957917690277,271,201,-1
202.49848461151123,268,200,-1
202.60420155525208,267,200,0
202.70692563056946,266,202,0
202.81367421150208,266,202,0
202.9203896522522,267,202,0
203.0221185684204,267,202,0
203.1287977695465,268,202,0
203.2355456352234,270,202,1
203.33827376365662,271,206,0
203.44395422935486,271,202,0
203.55066847801208,274,202,1
203.65345191955566,282,205,1
203.76011085510254,295,205,1
203.86582851409912,310,205,1
203.9685878753662,326,204,1
204.07530164718628,342,205,1
204.18101811408997,353,205,1
204.28374338150024,363,205,1
204.3904573917389,372,205,1
204.4971718788147,381,205,1
204.59890151023865,389,205,1
204.70561575889587,395,205,1
204.81233382225037,399,205,1
204.9150562286377,402,205,1
205.02073645591736,404,205,1
205.12745070457458,405,205,0
205.23416543006897,403,203,-1
205.33689069747925,401,201,-1
205.4436399936676,398,200,-1
205.54935836791992,394,200,-1
205.65204763412476,390,201,-1
205.75879955291748,383,201,-1
205.86451411247253,375,200,-1
205.96724009513855,368,200,-1
206.0739541053772,362,200,-1
206.18067288398743,356,200,-1
206.28239822387695,352,200,-1
206.38911414146423,348,201,-1
206.49579215049744,344,201,-1
206.5985496044159,339,200,-1
206.70423579216003,336,200,-1
206.81098341941833,332,201,-1
206.9137089252472,326,201,-1
207.02042484283447,320,201,-1
207.1261396408081,311,201,-1
207.22883009910583,301,201,-1
207.33554434776306,290,200,-1
207.44126176834106,283,200,-1
207.54398775100708,278,200,-1
207.6507031917572,274,201,-1
207.75745058059692,272,200,-1
207.85914397239685,272,200,0
207.96585869789124,276,201,1
208.06861782073975,284,205,1
208.17533349990845,297,205,1
208.28105187416077,313,205,1
208.38773131370544,328,205,1
